(node:26591) [MODULE_TYPELESS_PACKAGE_JSON] Warning: Module type of file:///Users/connor/worktrees/harmonic/404/frontend-v2/app-source.test.js is not specified and it doesn't parse as CommonJS.
Reparsing as ES module because module syntax was detected. This incurs a performance overhead.
To eliminate this warning, add "type": "module" to /Users/connor/worktrees/harmonic/404/package.json.
(Use `node --trace-warnings ...` to show where the warning was created)
✔ the material lift carries the shipped dark role ladder HV2-07 names (2.664667ms)
✔ the Day legend lift takes the shipped rules the figure keys render (1.562ms)
✔ the glossary lift is a module of v1 definitions, verbatim (1.551583ms)
✔ every lift fails closed when its marker moves (1.512209ms)
(node:26592) [MODULE_TYPELESS_PACKAGE_JSON] Warning: Module type of file:///Users/connor/worktrees/harmonic/404/frontend-v2/c3.replay.test.js is not specified and it doesn't parse as CommonJS.
Reparsing as ES module because module syntax was detected. This incurs a performance overhead.
To eliminate this warning, add "type": "module" to /Users/connor/worktrees/harmonic/404/package.json.
(Use `node --trace-warnings ...` to show where the warning was created)
✔ S45 opens its registered app case without a prototype scenario selector (0.845458ms)
✔ S45b opens its registered app case without a prototype scenario selector (0.091875ms)
✔ S46 opens its registered app case without a prototype scenario selector (0.068834ms)
✔ S47 opens its registered app case without a prototype scenario selector (0.066ms)
✔ S48 opens its registered app case without a prototype scenario selector (0.063709ms)
✔ S50 opens its registered app case without a prototype scenario selector (0.066834ms)
✔ S51 opens its registered app case without a prototype scenario selector (0.075208ms)
✔ S52 opens its registered app case without a prototype scenario selector (0.057291ms)
✔ S54 opens its registered app case without a prototype scenario selector (0.078792ms)
✔ S54b opens its registered app case without a prototype scenario selector (0.116458ms)
✔ S55 opens its registered app case without a prototype scenario selector (0.067791ms)
✔ a prototype-only nondefault state still refuses without an app story (0.212709ms)
✔ S45 refuses unavailable served state before touching the view (3.286791ms)
✔ S45b refuses unavailable served state before touching the view (0.128625ms)
✔ S46 refuses unavailable served state before touching the view (0.109417ms)
✔ S47 refuses unavailable served state before touching the view (0.467541ms)
✔ S48 refuses unavailable served state before touching the view (0.474042ms)
✔ S50 refuses unavailable served state before touching the view (0.1345ms)
✔ S51 refuses unavailable served state before touching the view (0.096125ms)
✔ S52 refuses unavailable served state before touching the view (0.105083ms)
✔ S54 refuses unavailable served state before touching the view (0.0855ms)
✔ S54b refuses unavailable served state before touching the view (0.091375ms)
✔ S55 refuses unavailable served state before touching the view (0.058792ms)
✔ S49 refuses unavailable served state before touching the view (0.081042ms)
✔ S49 accepts the served daily Meals 0 and observed outcome zeroes (0.451292ms)
✔ S49 rejects a daily count that differs from its selected served day (11.471ms)
✔ S49 distinguishes no meals from an observed zero (12.57525ms)
✔ S49 distinguishes no readings from an observed zero (10.824791ms)
✔ S49 distinguishes unavailable from an observed zero (13.411958ms)
✔ S49 rejects a missing-value label substituted for an observed zero (12.427208ms)
✔ an app story rejects a selected record different from the admitted watch (0.190833ms)
✔ history cannot treat the active Trial as a saved ending (0.093875ms)
✔ a delayed destination is re-read without repeating the navigation click (103.900125ms)
✔ late harness controls are observed before their one change event (107.337625ms)
✔ harness selection resolves the option and dispatches before an intervening render (0.238125ms)
✔ harness selection rejects a change that never lands without redispatching (14.499375ms)
✔ S24 waits for a held cohort member before taking its starting baseline (104.685584ms)
✔ S48 waits for the served first Before day rather than retaining old Trial text (70.10875ms)
✔ S51 rereads admission while waiting for the finish form (52.225292ms)
✔ S03 reports all four failed touch claims and runs each gesture once (23.528584ms)
(node:26593) [MODULE_TYPELESS_PACKAGE_JSON] Warning: Module type of file:///Users/connor/worktrees/harmonic/404/frontend-v2/c4.replay.test.js is not specified and it doesn't parse as CommonJS.
Reparsing as ES module because module syntax was detected. This incurs a performance overhead.
To eliminate this warning, add "type": "module" to /Users/connor/worktrees/harmonic/404/package.json.
(Use `node --trace-warnings ...` to show where the warning was created)
RETIRED R18 — Connor Griffin · 2026-09-08 · "We dont' need historical reads in the app."
RETIRED R18 — Connor Griffin · 2026-09-08 · "We dont' need historical reads in the app."
RETIRED R18 — Connor Griffin · 2026-09-08 · "We dont' need historical reads in the app."
AMENDED R17 premise — ADR 397 · Connor Griffin · 2026-09-08; coordinator amendment 4 transcribed 2026-09-10: a served finishable Trial replaces the prototype ready scenario.
AMENDED R17 premise — ADR 397 · Connor Griffin · 2026-09-08; coordinator amendment 4 transcribed 2026-09-10: a served finishable Trial replaces the prototype ready scenario.
(node:26593) ExperimentalWarning: localStorage is not available because --localstorage-file was not provided.
✔ R18 is a unique app-only registry function with a manufactured history case (0.677959ms)
✔ S106 and S107 are unique app-only C4 stories with their required manufactured cases (0.247458ms)
✔ S107 keeps a grouped comparison heading distinct from readable mixed-tier case rows (1.297041ms)
✔ R18 fails before touching the UI when historical input is absent (0.27925ms)
✔ R18 refuses to prove absence by also removing current evidence or records (0.133125ms)
✔ R17 requires the generated finishable Trial, never a mock ready selector (0.204667ms)
✔ clinical pairs use served setting IDs and the shared Watching control when needed (1.505834ms)
✔ clinical pairs fail if either consumer misses the expected endpoint or consumes different coordinates (0.216375ms)
✔ S101 reaches the Window copy assertion after the shared full-day opener (0.599959ms)
✔ S102 reaches graph identity after opening a Pattern and selecting a thin slot (0.529292ms)
✔ S103 reaches its aggregate return assertion after exercising all three window entries (0.448292ms)
✔ S104 establishes a populated week before observing teardown and releases the held read on failure (0.399416ms)
✔ S101 measures the brace at chart width 480 and observes each snapped move before release (0.43675ms)
✔ S101 measures the brace at chart width 760 and observes each snapped move before release (0.143166ms)
✔ S101 rejects an unpainted 24 h brace before it can drag the named Afternoon preset (0.129333ms)
✔ a bounded drawn-window failure reports chip seen: (absent) (0.1705ms)
✔ a bounded drawn-window failure reports chip seen: 12:00–18:00 × (0.069625ms)
(node:26594) [MODULE_TYPELESS_PACKAGE_JSON] Warning: Module type of file:///Users/connor/worktrees/harmonic/404/frontend-v2/changes.test.js is not specified and it doesn't parse as CommonJS.
Reparsing as ES module because module syntax was detected. This incurs a performance overhead.
To eliminate this warning, add "type": "module" to /Users/connor/worktrees/harmonic/404/package.json.
(Use `node --trace-warnings ...` to show where the warning was created)
(node:26594) ExperimentalWarning: localStorage is not available because --localstorage-file was not provided.
✔ Changes renders the served selection, escapes text and does not derive readiness from counts (1.891667ms)
✔ unavailable retains its served reason and is distinct from quiet (0.770167ms)
✔ a failed guidance replacement cannot expose the previous read as a current action (0.301083ms)
✔ a fresh Changes read keeps Restore as a control when no concern is selected (0.371875ms)
✔ set-aside Escape follows the frozen order without opening a sheet (2.325542ms)
(node:26595) [MODULE_TYPELESS_PACKAGE_JSON] Warning: Module type of file:///Users/connor/worktrees/harmonic/404/frontend-v2/chrome.test.js is not specified and it doesn't parse as CommonJS.
Reparsing as ES module because module syntax was detected. This incurs a performance overhead.
To eliminate this warning, add "type": "module" to /Users/connor/worktrees/harmonic/404/package.json.
(Use `node --trace-warnings ...` to show where the warning was created)
✔ the three destinations render in the locked order with Diagnose current (2.446ms)
✔ the topbar and footer carry their verbatim strings (0.187208ms)
✔ the footer serves Carb questions with its open count, Guide, Settings and Glossary (0.0865ms)
✔ retired destinations cannot be registered as hidden journey surfaces (1.096667ms)
(node:26596) [MODULE_TYPELESS_PACKAGE_JSON] Warning: Module type of file:///Users/connor/worktrees/harmonic/404/frontend-v2/client.test.js is not specified and it doesn't parse as CommonJS.
Reparsing as ES module because module syntax was detected. This incurs a performance overhead.
To eliminate this warning, add "type": "module" to /Users/connor/worktrees/harmonic/404/package.json.
(Use `node --trace-warnings ...` to show where the warning was created)
✔ every name this surface uses is the identical function frontend/data.js owns (0.755917ms)
✔ the re-export adds no fetching of its own (0.384208ms)
✔ the desk reaches the endpoints its own destinations read and write (0.097916ms)
(node:26597) [MODULE_TYPELESS_PACKAGE_JSON] Warning: Module type of file:///Users/connor/worktrees/harmonic/404/frontend-v2/day.test.js is not specified and it doesn't parse as CommonJS.
Reparsing as ES module because module syntax was detected. This incurs a performance overhead.
To eliminate this warning, add "type": "module" to /Users/connor/worktrees/harmonic/404/package.json.
(Use `node --trace-warnings ...` to show where the warning was created)
✔ the Day desk pairs its chronology with the Episode Log and states the day (14.53725ms)
✔ a store that records its last fetch names that read, and the clock beside it (0.52175ms)
✔ the week ribbon offers each recorded day and disables the ones with no data (0.812416ms)
✔ the recorded-day and month controls disable at the recorded bounds (1.29325ms)
✔ the month toggle opens the grid in the ribbon's place and steps within the bounds (4.675292ms)
✔ a month still being read says so instead of drawing every day as no data (0.606166ms)
✔ a retained Day frame has a visible, non-destructive loading treatment (0.794041ms)
✔ each Episode Log row renders its served state word and its kind (0.890791ms)
✔ direct entry invents no prior subject and offers no return (0.390125ms)
✔ a contextual entry names its subject verbatim and returns to what it left (0.44525ms)
✔ a utility entry is named for the utility and returns over the destination it was opened on (0.996792ms)
✔ a date the read does not carry says so rather than showing an empty day as the answer (0.38975ms)
✔ a store with no recorded day says so and offers the way back (0.061625ms)
(node:26598) [MODULE_TYPELESS_PACKAGE_JSON] Warning: Module type of file:///Users/connor/worktrees/harmonic/404/frontend-v2/diagnose-context.test.js is not specified and it doesn't parse as CommonJS.
Reparsing as ES module because module syntax was detected. This incurs a performance overhead.
To eliminate this warning, add "type": "module" to /Users/connor/worktrees/harmonic/404/package.json.
(Use `node --trace-warnings ...` to show where the warning was created)
✔ tile loads, failed replacements and late responses do not choose a drill subject (0.885208ms)
✔ Day carries canonical subject, opaque occurrence, moment and source window (1.185875ms)
✔ the Day return keeps moment and evidence coordinates through the shared router (8.183583ms)
(node:26599) [MODULE_TYPELESS_PACKAGE_JSON] Warning: Module type of file:///Users/connor/worktrees/harmonic/404/frontend-v2/diagnose.test.js is not specified and it doesn't parse as CommonJS.
Reparsing as ES module because module syntax was detected. This incurs a performance overhead.
To eliminate this warning, add "type": "module" to /Users/connor/worktrees/harmonic/404/package.json.
(Use `node --trace-warnings ...` to show where the warning was created)
(node:26599) ExperimentalWarning: localStorage is not available because --localstorage-file was not provided.
✔ an unscoped case-file WindowQuery preserves the explicit 24 h Focus scope (1.846833ms)
✔ one shared composition delegates case loads and releases each mounted entry (2.220167ms)
✔ initial and failed current reads own distinct Diagnose frames and retry (1.067792ms)
✔ return restoration requests its occurrence once while shared paints are pending (0.477417ms)
✔ the v2 adapter wraps lane keys through the carried buttons and retains night-click scroll (0.348666ms)
✔ S129/S131 tile activation replaces the Focus drill, while same-chart picks and retention controls keep it (0.637666ms)
(node:26600) [MODULE_TYPELESS_PACKAGE_JSON] Warning: Module type of file:///Users/connor/worktrees/harmonic/404/frontend-v2/focus-entry.test.js is not specified and it doesn't parse as CommonJS.
Reparsing as ES module because module syntax was detected. This incurs a performance overhead.
To eliminate this warning, add "type": "module" to /Users/connor/worktrees/harmonic/404/package.json.
(Use `node --trace-warnings ...` to show where the warning was created)
✔ pin uses the served canonical Pattern and never chooses its member or calculates admission (3.46175ms)
✔ failed pin preserves identity for retry and never publishes success (0.184792ms)
✔ occupied admission and crossed source revisions grant no pin (0.105167ms)
✔ a served unavailable admission remains discoverable without granting a pin (0.160542ms)
✔ known occupied admission codes use the shared plain-language label (0.091083ms)
✔ a failed Focus refresh retains its served parent and makes retry visible (0.095583ms)
✔ a first Focus read failure still gives a selected Pattern a visible retry, never a stale offer (0.07425ms)
✔ pending Plan and active Focus context use compact actions, plain copy, and their existing routes (0.138666ms)
✔ a child case reaches only its backend-published Pattern owner (0.124834ms)
✔ a remain-pattern child keeps its withheld parent context without a Focus pin (0.127458ms)
(node:26601) [MODULE_TYPELESS_PACKAGE_JSON] Warning: Module type of file:///Users/connor/worktrees/harmonic/404/frontend-v2/follow-up-lifecycle.test.js is not specified and it doesn't parse as CommonJS.
Reparsing as ES module because module syntax was detected. This incurs a performance overhead.
To eliminate this warning, add "type": "module" to /Users/connor/worktrees/harmonic/404/package.json.
(Use `node --trace-warnings ...` to show where the warning was created)
(node:26601) ExperimentalWarning: localStorage is not available because --localstorage-file was not provided.
✔ public mount reads retained evidence and failed finish/resolve retain the draft and durable retry id (27.157125ms)
✔ retained inspection uses the original slot and canonical Pattern identity (0.192292ms)
✔ Focus mount uses the served record title and keeps its explanation in the body only (1.87ms)
✔ history mounts the served Pattern title in both its roster row and open record (3.602708ms)
✔ Focus does not repeat a retained explanation identical to its served title (9.9565ms)
✔ an exact expired Trial records a later conclusion through the public client, retries, and reloads its immutable record (8.948667ms)
(node:26602) [MODULE_TYPELESS_PACKAGE_JSON] Warning: Module type of file:///Users/connor/worktrees/harmonic/404/frontend-v2/follow-up.test.js is not specified and it doesn't parse as CommonJS.
Reparsing as ES module because module syntax was detected. This incurs a performance overhead.
To eliminate this warning, add "type": "module" to /Users/connor/worktrees/harmonic/404/package.json.
(Use `node --trace-warnings ...` to show where the warning was created)
✔ a setting arm renders its required count, its availability and its served reason (15.620416ms)
✔ the Focus arm renders no required-count meter and no availability flag (0.167625ms)
✔ the browser reads criterion_met and never evaluates the criterion itself (0.514875ms)
✔ an unavailable setting arm prints the served reason rather than a gap (0.10375ms)
✔ an unavailable comparison carries no readiness, and the section says so (0.53825ms)
✔ the readiness section never claims a favourable ending (0.352916ms)
✔ a supporting date reaches Day through the published route, not a local one (0.201792ms)
✔ a habit’s supporting date carries the lever its adherence names (0.231166ms)
✔ the Focus renders adherence as its own table, ahead of the mapped outcomes (0.254084ms)
✔ zero opportunities, an absent measurement and a measured rate stay distinct (0.118875ms)
✔ harm availability is read separately from the behavior (0.097125ms)
✔ a mapped outcome leads the outcome table and context rows are marked (0.057ms)
✔ a null outcome against a zero denominator is not an unavailable measurement (0.110666ms)
✔ a habit’s second table is its Glucose outcomes, beside its behavior (0.036334ms)
✔ watch maturity is labelled lifecycle metadata and its bar never overfills (0.068708ms)
✔ a maturing watch reads against what it still needs (0.035833ms)
✔ one served day reads its own numbers, and is not claimed as a complete day (0.199ms)
✔ the day select is clamped to the period’s own served rows (0.088667ms)
✔ a day with readings and no meals says so rather than showing a zero rate (0.107125ms)
✔ a period with no served day says that instead of an empty select (0.035ms)
✔ the periods section gives served boundaries readable words separated from the timestamps (0.583875ms)
✔ the figure pairs only the clock bins both periods served (0.4755ms)
✔ a period with no readings pairs nothing and keeps its Before figure (0.121625ms)
✔ a comparison with no envelope at all says so, rather than reporting no readings (0.501791ms)
✔ the conclusion is required and nothing is put in the wearer’s mouth (0.055333ms)
✔ a separately dated conclusion can name its input without changing the ordinary ending form (0.03ms)
✔ a failed write keeps the wearer’s words and offers a Retry, recording nothing (0.04375ms)
✔ a Retry stays refused while the conclusion is blank (0.023ms)
✔ Revert-to-Plan renders the backend-supplied route and implies no pump write (0.04175ms)
✔ Pattern readiness preserves the served opportunity verdict even above its gate (0.079291ms)
✔ the produced profile setting arm keeps its count requirement when it also carries an elapsed requirement (0.054625ms)
✔ the produced Pattern arm shows its gate without the setting requirement label (0.154333ms)
(node:26603) [MODULE_TYPELESS_PACKAGE_JSON] Warning: Module type of file:///Users/connor/worktrees/harmonic/404/frontend-v2/fonts.test.js is not specified and it doesn't parse as CommonJS.
Reparsing as ES module because module syntax was detected. This incurs a performance overhead.
To eliminate this warning, add "type": "module" to /Users/connor/worktrees/harmonic/404/package.json.
(Use `node --trace-warnings ...` to show where the warning was created)
✔ the font ships as text, with no remote source left in it (0.480542ms)
✔ one face per subset carries its file once, across the weights it serves (0.553209ms)
✔ every embedded subset is the upstream file its provenance records (1.050375ms)
✔ the licence travels with the font (0.284583ms)
(node:26604) [MODULE_TYPELESS_PACKAGE_JSON] Warning: Module type of file:///Users/connor/worktrees/harmonic/404/frontend-v2/frame.test.js is not specified and it doesn't parse as CommonJS.
Reparsing as ES module because module syntax was detected. This incurs a performance overhead.
To eliminate this warning, add "type": "module" to /Users/connor/worktrees/harmonic/404/package.json.
(Use `node --trace-warnings ...` to show where the warning was created)
✔ the desk pairs one stage with one reading pane, divided by the shipped hairline (2.374667ms)
✔ both heads are focusable, because arrival lands on the heading (0.15475ms)
✔ the full-width empty frame focuses its own heading and manufactures no reading pane (0.173166ms)
✔ the loading frame carries no count and the error frame offers its retry (0.134292ms)
✔ interpolated text is escaped, including into attributes (0.103875ms)
✔ dates read at midday, so no offset can bump the calendar day (15.925666ms)
(node:26605) [MODULE_TYPELESS_PACKAGE_JSON] Warning: Module type of file:///Users/connor/worktrees/harmonic/404/frontend-v2/guidance.test.js is not specified and it doesn't parse as CommonJS.
Reparsing as ES module because module syntax was detected. This incurs a performance overhead.
To eliminate this warning, add "type": "module" to /Users/connor/worktrees/harmonic/404/package.json.
(Use `node --trace-warnings ...` to show where the warning was created)
(node:26605) ExperimentalWarning: localStorage is not available because --localstorage-file was not provided.
✔ a read that answers becomes the desk's guidance (4.517833ms)
✔ a second render does not ask again (2.72825ms)
✔ a failed read keeps the last read that answered and says it failed (2.893708ms)
✔ a read that answers again clears the failure (2.622292ms)
✔ set aside writes the preference and then re-reads guidance (11.754708ms)
✔ set aside quotes the generation the desk read it at (3.65525ms)
✔ a refused set aside is not rendered as one, and still re-reads (3.50175ms)
✔ restore deletes the preference and re-reads (2.834084ms)
✔ a write failure clears when the reader moves on (3.511542ms)
✔ hasAction reads the served action rather than the concern's shape (1.76125ms)
✔ Focus admission copy translates known backend tokens without inventing admission (0.310958ms)
✔ candidateFor finds a subject the read carries, and nothing else (0.562333ms)
✔ before the first read there is no guidance and nothing is settled (0.260709ms)
(node:26606) [MODULE_TYPELESS_PACKAGE_JSON] Warning: Module type of file:///Users/connor/worktrees/harmonic/404/frontend-v2/history.test.js is not specified and it doesn't parse as CommonJS.
Reparsing as ES module because module syntax was detected. This incurs a performance overhead.
To eliminate this warning, add "type": "module" to /Users/connor/worktrees/harmonic/404/package.json.
(Use `node --trace-warnings ...` to show where the warning was created)
✔ the roster names how each record ended, and marks the open ones (9.771208ms)
✔ an empty roster says nothing has been recorded rather than standing blank (0.063125ms)
✔ a dropped habit keeps its own way in, so it stays reachable in Changes (0.187834ms)
✔ a first-observed record marks its original decision explicitly unavailable (0.127375ms)
✔ a recorded decision reads as a decision, not as a first sighting (0.085667ms)
✔ an unavailable original context prints its served reason (5.099667ms)
✔ a still-open record has no ending, and says that rather than inventing one (1.063458ms)
✔ a saved ending keeps its kind, its times and the wearer’s own words (0.202875ms)
✔ a late Trial conclusion is separate from the immutable expired ending (0.120584ms)
✔ an expired Trial exposes a separately dated conclusion form, but an ordinary ending does not (0.15ms)
✔ a preempted Focus is dropped, kept, and explicitly never resumed (0.188083ms)
✔ a lever-unavailable ending is a different ending from a manual one (0.121166ms)
✔ a served ending kind with no wording of its own is printed verbatim (0.087791ms)
✔ a reassessment is offered beside the original and never in place of it (0.148125ms)
✔ a current-policy reassessment labels its context and claims no like-for-like read (0.086875ms)
✔ the observed change reads its own units, and says the pump was not programmed (0.084875ms)
✔ a Focus changed no setting, and its record says that rather than showing a blank table (0.034958ms)
✔ a correction factor reads insulin first on both sides (0.033042ms)
(node:26607) [MODULE_TYPELESS_PACKAGE_JSON] Warning: Module type of file:///Users/connor/worktrees/harmonic/404/frontend-v2/plan-actions.test.js is not specified and it doesn't parse as CommonJS.
Reparsing as ES module because module syntax was detected. This incurs a performance overhead.
To eliminate this warning, add "type": "module" to /Users/connor/worktrees/harmonic/404/package.json.
(Use `node --trace-warnings ...` to show where the warning was created)
(node:26607) ExperimentalWarning: localStorage is not available because --localstorage-file was not provided.
✔ a refused draft stays unsaved; retry saves exactly the held proposal (23.626833ms)
✔ a pending decision keeps its captured deliverable when the current draft is empty (4.406375ms)
✔ a lost decision response retries the same durable request after the reread sees it (4.011833ms)
(node:26608) [MODULE_TYPELESS_PACKAGE_JSON] Warning: Module type of file:///Users/connor/worktrees/harmonic/404/frontend-v2/plan-view.test.js is not specified and it doesn't parse as CommonJS.
Reparsing as ES module because module syntax was detected. This incurs a performance overhead.
To eliminate this warning, add "type": "module" to /Users/connor/worktrees/harmonic/404/package.json.
(Use `node --trace-warnings ...` to show where the warning was created)
✔ staging a served action puts the desk on Staged with a change underway (0.92425ms)
✔ a concern the backend staged no action for cannot be staged here (0.112042ms)
✔ a parameter the deliverable has no family for cannot be staged (0.076875ms)
✔ nothing is underway before anything is staged (1.338375ms)
✔ a correction factor reads insulin first; every other setting is its number (0.200458ms)
✔ an absent setting value renders as nothing, not as a zero (0.093875ms)
✔ the profile table renders one row per served segment, with all four columns (0.302334ms)
✔ a profile with no segments renders an empty body rather than failing (0.083125ms)
✔ the four settings are named as the wearer names them (0.087083ms)
(node:26609) [MODULE_TYPELESS_PACKAGE_JSON] Warning: Module type of file:///Users/connor/worktrees/harmonic/404/frontend-v2/replay-cases.test.js is not specified and it doesn't parse as CommonJS.
Reparsing as ES module because module syntax was detected. This incurs a performance overhead.
To eliminate this warning, add "type": "module" to /Users/connor/worktrees/harmonic/404/package.json.
(Use `node --trace-warnings ...` to show where the warning was created)
✔ S37b waits for the retained basal drill without a URL subject (90.837167ms)
✔ S56 requires the saved Focus title after reload, rather than its raw subject (12.655167ms)
✔ one invocation selects the generated case each story needs (0.422292ms)
✔ S7 distinguishes the carried Diagnose rail from the paired Changes reading pane (23.676666ms)
✔ S13 keeps the carried rail at 430px across all four sources (0.726542ms)
✔ c2 app selection contains concrete story bodies and excludes the c3 Trial inspection (0.165958ms)
✔ S98 copies the S106 pinned Afternoon trigger with a scoped generation before the selected I:C 409 (1.861709ms)
✔ S98 rejects a substituted subject, an unserved staging control, unnamed stale state or retained canvas (72.65025ms)
✔ S98 retains only the staging control permitted by the served I:C register (0.895ms)
✔ S98 missing recovery rejects into the story chain, clears deadlines and permits the next story (6.711625ms)
✔ S98 releases held recovery in finally when an inspection assertion fails (0.497417ms)
✔ replay deadlines fail with the wait name and preserve resolved values/errors (5.894791ms)
✔ draft retry waits for the PUT, not the disappearing error control (1.289958ms)
✔ S99 reads the full-width unavailable stage without requiring a two-pane wrapper (0.703375ms)
✔ S9 loads the measured Inter face even when document fonts ready already resolved (0.455208ms)
✔ desk readiness waits past immediate navigation and utility loading, without sleeps (0.181ms)
✔ chart readiness does not count a cold overview before its evidence tiles mount (0.237459ms)
✔ S29 observes the focus event before a later repaint can move activeElement (0.463666ms)
(node:26610) [MODULE_TYPELESS_PACKAGE_JSON] Warning: Module type of file:///Users/connor/worktrees/harmonic/404/frontend-v2/utilities.test.js is not specified and it doesn't parse as CommonJS.
Reparsing as ES module because module syntax was detected. This incurs a performance overhead.
To eliminate this warning, add "type": "module" to /Users/connor/worktrees/harmonic/404/package.json.
(Use `node --trace-warnings ...` to show where the warning was created)
✔ the utility titles are the locked pane names (0.545666ms)
✔ every utility Open Day declares its origin AND the label its return is named for (0.248958ms)
✔ the Day return is named by the same table the control declares from (0.104541ms)
(node:26611) [MODULE_TYPELESS_PACKAGE_JSON] Warning: Module type of file:///Users/connor/worktrees/harmonic/404/frontend/browser-fixture-population.test.js is not specified and it doesn't parse as CommonJS.
Reparsing as ES module because module syntax was detected. This incurs a performance overhead.
To eliminate this warning, add "type": "module" to /Users/connor/worktrees/harmonic/404/package.json.
(Use `node --trace-warnings ...` to show where the warning was created)
✔ browser fixtures retain the canonical nested workstation exposure object (2.367833ms)
✔ browser fixtures publish the exact same source window for case-file preparation (0.157833ms)
✔ browser fixtures preserve both twenty-row populations, their joins, and their dates (0.251459ms)
✔ the expanded meal population preserves the workstation queue sift shape (0.123167ms)
✔ browser preparation joins keep each scoped event-chart coordinate intact (2.796708ms)
✔ browser fixture population supplies the backend-prepared Pattern roster (0.146375ms)
✔ browser Pattern rows and case files share the public producer denominator (11.773416ms)
✔ correction-on-IOB claims the lows in its Pattern population (1.121708ms)
✔ correcting-highs Pattern selection uses the low-nadir comparison idiom (5.139875ms)
✔ Pattern misses prefer near misses over outranked member states (0.160416ms)
✔ memberless Patterns remain served without an invented chart (2.474708ms)
✔ every chartable fixture Pattern resolves through preparation validation (1.383042ms)
✔ browser preparation mirrors the wrapped row: both families, case file first, headline from the lead (2.72975ms)
✔ the cockpit exposure population produces its event-comparison Finding row (0.632125ms)
✔ the Afternoon fixture retains all four published behavioral Findings (0.781791ms)
✔ comparison keeps plan-local outcomes and verdicts when workstation attribution changes (18.504792ms)
✔ buildCapture rejects an incomplete source family by name (0.514458ms)
✔ buildCapture rejects a missing canonical source window by name (0.270125ms)
✔ buildCapture rejects a source row missing its identity by name (0.263083ms)
✔ buildCapture rejects a source row outside the inclusive window by name (0.267959ms)
✔ buildCapture transcribes the target-family attribution feed (10.335042ms)
(node:26612) [MODULE_TYPELESS_PACKAGE_JSON] Warning: Module type of file:///Users/connor/worktrees/harmonic/404/frontend/browser-gates-fail-closed.test.js is not specified and it doesn't parse as CommonJS.
Reparsing as ES module because module syntax was detected. This incurs a performance overhead.
To eliminate this warning, add "type": "module" to /Users/connor/worktrees/harmonic/404/package.json.
(Use `node --trace-warnings ...` to show where the warning was created)
✔ day-surface.browser.mjs fails closed and names missing prerequisites with no env (59.977ms)
✔ day-surface.browser.mjs fails closed and names the build command with a loadable Playwright module (45.367584ms)
✔ plan-first-match.browser.mjs fails closed and names missing prerequisites with no env (43.920625ms)
✔ plan-first-match.browser.mjs fails closed and names the build command with a loadable Playwright module (52.264667ms)
✔ cockpit-shell.browser.test.mjs fails closed and names missing prerequisites with no env (135.259334ms)
✔ cockpit-shell.browser.test.mjs fails closed and names the build command with a loadable Playwright module (135.439959ms)
✔ diagnose-workstation.browser.test.mjs fails closed and names missing prerequisites with no env (110.812166ms)
✔ diagnose-workstation.browser.test.mjs fails closed and names the build command with a loadable Playwright module (88.730667ms)
✔ diagnose-canvas-composition.browser.test.mjs fails closed and names missing prerequisites with no env (77.5865ms)
✔ diagnose-canvas-composition.browser.test.mjs fails closed and names the build command with a loadable Playwright module (74.292ms)
✔ diagnose-workstation-behavior.replay.mjs fails closed and names missing prerequisites with no env (75.883ms)
✔ diagnose-workstation-behavior.replay.mjs fails closed and names the build command with a loadable Playwright module (72.694875ms)
✔ diagnose-event-comparison-behavior.replay.mjs fails closed and names missing prerequisites with no env (36.888625ms)
✔ diagnose-event-comparison-behavior.replay.mjs fails closed and names the build command with a loadable Playwright module (35.82925ms)
✔ verify-660-story-behavior.replay.mjs fails closed and names missing prerequisites with no env (25.209834ms)
✔ verify-660-story-behavior.replay.mjs fails closed and names the build command with a loadable Playwright module (25.72775ms)
✔ ../mockups/diagnose-event-comparison-support-audit.mjs fails closed and names missing prerequisites with no env (35.478167ms)
✔ ../mockups/diagnose-event-comparison-support-audit.mjs fails closed and names the build command with a loadable Playwright module (36.433ms)
✔ the composition suite registers and executes the retired Explore-mode guard (0.163416ms)
(node:26613) [MODULE_TYPELESS_PACKAGE_JSON] Warning: Module type of file:///Users/connor/worktrees/harmonic/404/frontend/built-shell.test.js is not specified and it doesn't parse as CommonJS.
Reparsing as ES module because module syntax was detected. This incurs a performance overhead.
To eliminate this warning, add "type": "module" to /Users/connor/worktrees/harmonic/404/package.json.
(Use `node --trace-warnings ...` to show where the warning was created)
✔ serves the built document, page paths, and existing assets only (2.447917ms)
✔ serves the v2 desk at its own page path and asset prefix (1.370791ms)
✔ fails closed when either built document is absent (2.108167ms)
(node:26614) [MODULE_TYPELESS_PACKAGE_JSON] Warning: Module type of file:///Users/connor/worktrees/harmonic/404/frontend/carb-log.test.js is not specified and it doesn't parse as CommonJS.
Reparsing as ES module because module syntax was detected. This incurs a performance overhead.
To eliminate this warning, add "type": "module" to /Users/connor/worktrees/harmonic/404/package.json.
(Use `node --trace-warnings ...` to show where the warning was created)
✔ presets are the locked 4/8/12 candy sizes, not the issue 15/30/45 (1.196875ms)
✔ time options default to now and expose the ago + custom choices (0.104667ms)
✔ formatWallClock emits local YYYY-MM-DD HH:MM:SS (no tz smear) (0.126917ms)
✔ whenToT now snaps to the minute (0.103791ms)
✔ whenToT subtracts the ago minutes (0.094291ms)
✔ whenToT ago rolls back across the hour/day boundary (0.074667ms)
✔ whenToT custom expands the datetime-local value, adding seconds when absent (0.165334ms)
✔ whenToT custom with no value yet is null (0.057875ms)
✔ buildCarbPayload shapes an exact preset into the #125 CarbEntry contract (0.11375ms)
✔ buildCarbPayload keeps grams for an estimate (0.081ms)
✔ buildCarbPayload forces grams=null for unknown regardless of input (0.049208ms)
✔ buildCarbPayload passes source=manual and a trimmed-to-null empty note (0.229042ms)
✔ isLoggable: unknown always, exact/estimate need a positive number (0.070208ms)
✔ carbToast reflects certainty and the unknown path (0.053709ms)
✔ msToDatetimeLocal formats a ms timestamp as YYYY-MM-DDTHH:MM using local getters (0.039625ms)
✔ msToDatetimeLocal pads single-digit month, day, hour, minute (0.041ms)
(node:26615) [MODULE_TYPELESS_PACKAGE_JSON] Warning: Module type of file:///Users/connor/worktrees/harmonic/404/frontend/chart-builders.test.js is not specified and it doesn't parse as CommonJS.
Reparsing as ES module because module syntax was detected. This incurs a performance overhead.
To eliminate this warning, add "type": "module" to /Users/connor/worktrees/harmonic/404/package.json.
(Use `node --trace-warnings ...` to show where the warning was created)
✔ suspendRuns: contiguous zero-rate rows collapse into one run with width (1.185666ms)
✔ addMinutesIso: is wall-clock stable and crosses midnight cleanly (0.060209ms)
✔ buildLanesOption: FIVE grids/axes on a shared time range (regression guard) (1.035625ms)
✔ buildLanesOption: NO persistent full-height evidence/flag lines (#276) (0.438458ms)
✔ buildLanesOption: glucose targets are dashed boundary rails without a filled band (#255) (0.348459ms)
✔ buildLanesOption: basal strip shows the SIGNED delivered−programmed difference (0.344125ms)
✔ #394 partial day: the last synced slot ends at its own +5 min, NOT end-of-day (0.119875ms)
✔ #394 gap: two rows 30 min apart produce no bar spanning the gap (0.085166ms)
✔ #394 plateau merge: equal-delta run is one block; unequal slots stay separate (0.090959ms)
✔ #394 tooltip: still reports signed Δ, delivered, programmed, plus plateau duration (8.1835ms)
✔ #394 tooltip: an empty data gap does not present the preceding basal row as current (0.136ms)
✔ buildLanesOption: rest windows shade the fasting context ribbon, gated by showContext (0.51775ms)
✔ buildLanesOption: suspend ribbon comes from zero-rate runs, not delivery_type (0.948125ms)
✔ buildLanesOption: nearest-signal tooltip reports glucose AND both basal rates (0.576459ms)
✔ buildLanesOption: midnight-spanning exercise ribbon is clipped to the day (0.244875ms)
✔ buildLanesOption: busy day keeps every signal available at once (0.247417ms)
✔ buildLanesOption: one logged-carb pill datum per entry (0.21775ms)
✔ buildLanesOption: logged-carb certainty rides the pill outline (no inline label, #385) (0.231084ms)
✔ buildLanesOption: logged-carb sits on the fixed carb row of the insulin strip (0.229542ms)
✔ buildLanesOption: logged-carb uses the --manual-carb tokens, distinct from bolus grey (0.210083ms)
✔ buildLanesOption: no carbEntries → empty logged-carb series (no throw) (0.761291ms)
✔ buildLanesOption: no inline value label on any dose series at rest (#385) (0.354958ms)
✔ buildLanesOption: dose series enlarge their native glyph on focus (#385) (0.306917ms)
(node:26616) [MODULE_TYPELESS_PACKAGE_JSON] Warning: Module type of file:///Users/connor/worktrees/harmonic/404/frontend/daily-nav.test.js is not specified and it doesn't parse as CommonJS.
Reparsing as ES module because module syntax was detected. This incurs a performance overhead.
To eliminate this warning, add "type": "module" to /Users/connor/worktrees/harmonic/404/package.json.
(Use `node --trace-warnings ...` to show where the warning was created)
✔ addDays steps calendar days without UTC drift (1.517959ms)
✔ dayBounds spans exactly one local day (0.698292ms)
✔ dayDelta is signed whole-day distance (0.122875ms)
✔ clampDay pins into [earliest, latest], passes through missing bounds (0.092208ms)
✔ arrow predicates disable at the data edges (0.104709ms)
✔ coldArrivalDay prefers latest data day, falls back only when empty (0.075416ms)
✔ nearestDataDay snaps an empty interior day to the nearer bound (0.118916ms)
✔ flagCountLabel pluralizes and reads clean at zero (0.079167ms)
✔ weekdayLabel formats the pump-local day (13.274625ms)
(node:26618) [MODULE_TYPELESS_PACKAGE_JSON] Warning: Module type of file:///Users/connor/worktrees/harmonic/404/frontend/data.test.js is not specified and it doesn't parse as CommonJS.
Reparsing as ES module because module syntax was detected. This incurs a performance overhead.
To eliminate this warning, add "type": "module" to /Users/connor/worktrees/harmonic/404/package.json.
(Use `node --trace-warnings ...` to show where the warning was created)
(node:26618) ExperimentalWarning: localStorage is not available because --localstorage-file was not provided.
✔ fetchCredentials builds GET /api/credentials (1.811958ms)
✔ saveCredentials builds POST /api/credentials with JSON body (0.684541ms)
✔ fetchStatus builds GET /api/status (0.132042ms)
✔ fetchNow builds POST /api/fetch (0.159625ms)
✔ fetchPumpSettings builds GET /api/pump-settings (0.133667ms)
✔ fetchBacktest builds GET /api/backtest with default holdout (0.120125ms)
✔ fetchBacktest appends ?holdout_days when non-default (0.121208ms)
✔ fetchAnalysis builds GET /api/analyze without params by default (0.530125ms)
✔ fetchAnalysis appends ?ignore_changes=1 when requested (0.166209ms)
✔ fetchAnalysis appends window param when provided (0.871584ms)
✔ fetchAnalysis appends both params together (0.103667ms)
✔ fetchScenarios builds GET /api/scenarios?window=N (0.066458ms)
✔ fetchCatalog builds GET /api/catalog (0.044083ms)
✔ fetchVerifyTrials builds the bounded roster request with selection (0.07075ms)
✔ fetchTimeline builds GET /api/timeline with encoded start/end (0.062083ms)
✔ per-day reads forward an abort signal (0.09625ms)
✔ deleteCarb removes one entry by id (0.046375ms)
✔ loadPlan builds GET /api/plan (0.04625ms)
✔ fetchExploreTimeOfDay builds the fixed server-owned endpoint (0.031125ms)
✔ fetchDiagnoseFindings omits selection when no history identity is supplied (0.041084ms)
✔ fetchDiagnoseFindings carries an optional selected history identity (0.052709ms)
✔ history events carries the findings generation and optional run selection (0.055791ms)
✔ Finding case-file preparation forwards the server-owned window and history selection (0.057459ms)
✔ Finding case-file request sends the opaque preparation and Occurrence coordinates exactly (0.056917ms)
✔ Finding case-file errors retain the exact structured server envelope (0.239708ms)
✔ audit dismissal uses the stable item id and evidence fingerprint (0.057541ms)
✔ savePlanDraft builds PUT /api/plan with JSON body (0.053625ms)
✔ loadPlanHistory builds GET /api/plan/history (0.0285ms)
✔ applyPlan builds POST /api/plan/apply (0.048792ms)
✔ Bearer token is attached when localStorage has ciq_token (0.051125ms)
✔ Authorization header is absent when no token is set (0.026375ms)
✔ non-2xx response surfaces the unwrapped detail error (0.043166ms)
✔ structured non-2xx detail preserves status and code on a typed error (0.059459ms)
✔ non-2xx without detail falls back to statusText (0.071167ms)
✔ guidance preferences use the legacy generation body and plain detail errors (0.094666ms)
✔ Plan preserves v1 bodyless apply and carries v2 durable fields unchanged (0.085708ms)
✔ retained selection and durable follow-up writes preserve caller identities (0.170791ms)
(node:26619) [MODULE_TYPELESS_PACKAGE_JSON] Warning: Module type of file:///Users/connor/worktrees/harmonic/404/frontend/day-chart.test.js is not specified and it doesn't parse as CommonJS.
Reparsing as ES module because module syntax was detected. This incurs a performance overhead.
To eliminate this warning, add "type": "module" to /Users/connor/worktrees/harmonic/404/package.json.
(Use `node --trace-warnings ...` to show where the warning was created)
✔ buildRows: one row per anchor, chronological, carrying episode context (1.840334ms)
✔ reason reference keeps announced-meal ownership calm and server-owned (0.206166ms)
✔ episode ledger shows a midnight marker once for the July 6 six-anchor overnight episode (0.556125ms)
✔ episode ledger leads with findings, keeps near-misses within tolerance, and retains a focused quiet anchor (0.256916ms)
✔ episode ledger folds an explained-away anchor but keeps a real near-miss visible (0.139834ms)
✔ preemptedTimes: over_treated_low lever + a nearby carb-exclusion span both tag the low (0.568375ms)
✔ preemptedTimes: no spans + no over_treated lever → empty (0.087458ms)
✔ dayStats: distinct low/high runs + TIR over the target day (0.098542ms)
✔ rowForT + rowDomId: marker→row link is stable (0.191166ms)
✔ bgAt: nearest CGM to a bg=null (meal) anchor (0.197ms)
✔ rowReason: only near_miss rows carry a bucket reason (0.119083ms)
✔ buildAnchorOverlay: evidence-strip markers (grid 1), rescue mark, NO persistent line (#276) (0.447541ms)
✔ buildAnchorOverlay: selectedLever dims off-lever anchors + rings the focus (#272) (0.128291ms)
✔ evidenceFocusGraphic: focus ⇒ exactly ONE cross-track hairline; blur ⇒ zero (#276) (0.619792ms)
✔ buildAnchorOverlay: a busy multi-anchor day keeps one marker per anchor (0.208667ms)
✔ composed busy day: every timeline signal AND the model anchors coexist on the five strips (#276) (1.563041ms)
✔ focusUpdate: focusing an anchor (via pixel geometry) yields ONE hairline + an enlarged ring; blur clears it (#276) (0.493708ms)
✔ buildAnchorOverlay: no selectedLever leaves every anchor full-opacity (0.109708ms)
(node:26620) [MODULE_TYPELESS_PACKAGE_JSON] Warning: Module type of file:///Users/connor/worktrees/harmonic/404/frontend/day-dose-focus.test.js is not specified and it doesn't parse as CommonJS.
Reparsing as ES module because module syntax was detected. This incurs a performance overhead.
To eliminate this warning, add "type": "module" to /Users/connor/worktrees/harmonic/404/package.json.
(Use `node --trace-warnings ...` to show where the warning was created)
✔ doseEvents: a meal bolus with pump carbs is ONE event, not two (#385 ×N guard) (0.934541ms)
✔ doseEvents: a manual carb counts as its own event, separate from boluses (0.339167ms)
✔ doseEvents: tolerates a day with no boluses / no carbs (0.047083ms)
✔ eventValue/eventLabel: exact per-event dose, no aggregation (0.070125ms)
✔ eventValue: logged-carb certainty preserved (~ estimate, ? unknown) (0.053625ms)
✔ clusterByPixels: groups by pixel gap, ignoring the time gap (0.471458ms)
✔ clusterByPixels: same times, wider render → the cluster splits (0.057834ms)
✔ clusterByPixels: proves it is NOT a fixed time window (0.044208ms)
✔ clusterByPixels: assigns draw-order index and a stable id (0.0585ms)
✔ doseFocusReduce: hover previews; leaving the same source clears it (0.10125ms)
✔ doseFocusReduce: a PIN ignores a later hover elsewhere (hover cannot replace a pin) (0.045542ms)
✔ doseFocusReduce: clicking another target SWITCHES the pin (0.034ms)
✔ doseFocusReduce: a pinned clearPreview is a no-op (0.034ms)
✔ doseFocusReduce: Close with restoreFocus does NOT reopen when focus returns to the trigger (0.039ms)
✔ doseFocusReduce: a blank-click close (no restoreFocus) clears without arming suppression (0.025458ms)
(node:26621) [MODULE_TYPELESS_PACKAGE_JSON] Warning: Module type of file:///Users/connor/worktrees/harmonic/404/frontend/day-hero-chart.test.js is not specified and it doesn't parse as CommonJS.
Reparsing as ES module because module syntax was detected. This incurs a performance overhead.
To eliminate this warning, add "type": "module" to /Users/connor/worktrees/harmonic/404/package.json.
(Use `node --trace-warnings ...` to show where the warning was created)
✔ rowBand: findings + load-bearing near-miss are loud; clean/no-data/explained are quiet (0.952625ms)
✔ hero overlay rings ONLY findings + also-checked; clean/no-data/explained fall to the tick rail (#332) (1.168958ms)
✔ hero rings resolve a bg=null meal anchor to its nearest CGM value (0.12325ms)
✔ heroFocusUpdate: focus ⇒ exactly ONE hero hairline (state hue, spanning the card); blur ⇒ zero (#332) (0.367959ms)
✔ stripFocusGraphic: one full-height line per open strip at the focus, none when blurred (0.197084ms)
✔ hero option: dosing marks carry NO inline U/g value labels (the rejected round-1 collision) (0.485083ms)
✔ lowest-open-strip axis: showTimeAxis drives whether HH:MM labels render (0.314792ms)
(node:26624) [MODULE_TYPELESS_PACKAGE_JSON] Warning: Module type of file:///Users/connor/worktrees/harmonic/404/frontend/diagnose-behavior-ledger-parity.test.js is not specified and it doesn't parse as CommonJS.
Reparsing as ES module because module syntax was detected. This incurs a performance overhead.
To eliminate this warning, add "type": "module" to /Users/connor/worktrees/harmonic/404/package.json.
(Use `node --trace-warnings ...` to show where the warning was created)
✔ Diagnose behavior ledger inventory matches the replay registry (2.386125ms)
✔ Diagnose behavior ledger requires a retirement inventory (0.872042ms)
✔ Diagnose behavior ledger rejects a replay story removed without retirement (1.347708ms)
✔ Diagnose behavior ledger rejects an issued ID without a replay story (2.098875ms)
✔ Diagnose behavior ledger accepts a permanent retirement (1.814417ms)
✔ Diagnose behavior ledger rejects coordinated deletion of an issued ID (1.614875ms)
✔ Diagnose behavior ledger rejects coordinated renumbering of an issued ID (1.229917ms)
✔ Diagnose behavior ledger rejects a malformed story range (0.516084ms)
✔ Diagnose behavior ledger rejects a malformed replay registration (0.627ms)
✔ Diagnose behavior ledger rejects an unquoted replay ID (0.813916ms)
(node:26626) [MODULE_TYPELESS_PACKAGE_JSON] Warning: Module type of file:///Users/connor/worktrees/harmonic/404/frontend/diagnose-canvas-layout.test.js is not specified and it doesn't parse as CommonJS.
Reparsing as ES module because module syntax was detected. This incurs a performance overhead.
To eliminate this warning, add "type": "module" to /Users/connor/worktrees/harmonic/404/package.json.
(Use `node --trace-warnings ...` to show where the warning was created)
✔ starring retains every chart without a cap or moving focus (0.634875ms)
✔ stopping retention releases only that chart and keeps focus (0.093583ms)
✔ placeSeats preserves candidate order after the focal chart (0.095167ms)
✔ the live descriptor list follows findings rows without a second chart list (0.265541ms)
✔ a descriptor carries the served headline beside its unchanged short title (0.079125ms)
✔ a row with no served headline yet leaves the descriptor headline null, never undefined (0.050666ms)
✔ every glucose chart in the field receives one shared range (0.108125ms)
✔ all four per-request states render product language rather than transport names (0.134042ms)
✔ the layout module owns no findings-generation check of its own (0.345917ms)
✔ starring preserves focus as the retained set grows (0.081792ms)
✔ a starred focal chart keeps the focal seat whatever order it was retained in (0.693458ms)
✔ a past-setting row publishes no chart, so All charts cannot restore it (0.178625ms)
(node:26629) [MODULE_TYPELESS_PACKAGE_JSON] Warning: Module type of file:///Users/connor/worktrees/harmonic/404/frontend/diagnose-canvas-state.test.js is not specified and it doesn't parse as CommonJS.
Reparsing as ES module because module syntax was detected. This incurs a performance overhead.
To eliminate this warning, add "type": "module" to /Users/connor/worktrees/harmonic/404/package.json.
(Use `node --trace-warnings ...` to show where the warning was created)
✔ #341 · the retired dock mode has no remaining public state contract (1.472ms)
✔ ranked Findings self-seat in server order while Watching charts require a pin (0.725917ms)
✔ a drill marks its spotlight but not the dock echo of the same chart (0.107709ms)
✔ a returned frame keeps its drill mark only when its chart retakes the focal seat (0.282667ms)
✔ a chart seated directly from its own registry tile is marked on the stage, not the echo it left behind (0.148458ms)
✔ a settings chart click resolves the row its findings-queue entry would drill to (0.125625ms)
✔ a behavioral chart with a published lever still drills to its row (0.078834ms)
✔ a behavioral chart with no published lever still withholds its case file (0.07525ms)
✔ clicking the chart the reader already stands on moves nothing, for a settings panel (0.09175ms)
✔ a slot picked from the lane, with no rowId, still recognizes its own evidence chart (0.157375ms)
✔ a block picked from the lane, with no rowId, still recognizes its own evidence chart (0.132875ms)
✔ a lane-picked slot for a DIFFERENT slot than the clicked chart still pops and drills (0.08075ms)
✔ a thin slot owns the stage even when the preceding Pattern frame retains its row id (0.07475ms)
✔ clicking the chart the reader already stands on moves nothing, for a behavioral finding (0.055917ms)
✔ a chart click while another parameter panel stands replaces that level rather than deepening it (0.089625ms)
✔ a chart click while a behavioral factor stands also replaces that level (0.064375ms)
✔ a settings chart with no matching findings row is a silent no-op, inherited from the row route (0.050083ms)
✔ no descriptor is a no-op (0.052417ms)
✔ the finding a chart frame names is live while its row is still published (0.068333ms)
✔ the finding a chart frame names is not live once its row drops out, even if its chart is pinned (0.053417ms)
✔ an absent findings payload names no live finding (0.043708ms)
✔ the fallback focal id prefers the rank-1 event chart (0.127333ms)
✔ the fallback focal id falls to the first ranked candidate when nothing recommends (0.042167ms)
✔ the fallback focal id falls to the first pin when there are no candidates either (0.037792ms)
✔ the fallback focal id resolves to none when the stage has nothing at all (0.040333ms)
(node:26630) [MODULE_TYPELESS_PACKAGE_JSON] Warning: Module type of file:///Users/connor/worktrees/harmonic/404/frontend/diagnose-data-age.test.js is not specified and it doesn't parse as CommonJS.
Reparsing as ES module because module syntax was detected. This incurs a performance overhead.
To eliminate this warning, add "type": "module" to /Users/connor/worktrees/harmonic/404/package.json.
(Use `node --trace-warnings ...` to show where the warning was created)
✔ Diagnose keeps age with its individual shape and clears only fresh replacements (1.705208ms)
✔ malformed stale age fails closed before its display payload is returned (0.590459ms)
✔ a fresh Diagnose payload without input data age passes through unchanged (0.106292ms)
✔ a full Diagnose reload clears every rendered shape age before responses arrive (0.084459ms)
(node:26631) [MODULE_TYPELESS_PACKAGE_JSON] Warning: Module type of file:///Users/connor/worktrees/harmonic/404/frontend/diagnose-eating-sequences.test.js is not specified and it doesn't parse as CommonJS.
Reparsing as ES module because module syntax was detected. This incurs a performance overhead.
To eliminate this warning, add "type": "module" to /Users/connor/worktrees/harmonic/404/package.json.
(Use `node --trace-warnings ...` to show where the warning was created)
(node:26631) ExperimentalWarning: localStorage is not available because --localstorage-file was not provided.
✔ the fetch helper requests the API-declared fixed Diagnose route (2.44675ms)
✔ the adapter carries the report skeleton and served rows field-for-field (0.397583ms)
✔ trajectory series selects served values and preserves insufficient cells (0.151084ms)
✔ matrix series selects its fixed bands and attaches only served repeat comparisons (0.165ms)
✔ closed selectors reject unknown values (0.244333ms)
✔ public sequence cases select the dedicated chart before the generic response chart (1.294375ms)
✔ selection validation retains exact served sequence details and rejects malformed cases (0.947833ms)
✔ thin source cohorts produce no substitute finding and adapter nulls remain null (0.165166ms)
✔ a supported case keeps a null period visible without a zero-filled point (0.133083ms)
✔ expanded sequence fixtures satisfy preparation and selection transport contracts (5.441208ms)
(node:26634) [MODULE_TYPELESS_PACKAGE_JSON] Warning: Module type of file:///Users/connor/worktrees/harmonic/404/frontend/diagnose-event-comparison.test.js is not specified and it doesn't parse as CommonJS.
Reparsing as ES module because module syntax was detected. This incurs a performance overhead.
To eliminate this warning, add "type": "module" to /Users/connor/worktrees/harmonic/404/package.json.
(Use `node --trace-warnings ...` to show where the warning was created)
✔ case-file comparison selection uses its served cohort identity (14.767958ms)
✔ a selected event case carries each served marker with its selected glucose trace (9.641334ms)
✔ selected event markers use only served glucose, skip an empty trace, and bridge null gaps honestly (9.549375ms)
✔ the stage target band caption clears its own boundary, on an opaque plate (15.916084ms)
✔ fractional-hour cursor labels use whole minutes without decimal-hour speech (10.333125ms)
(node:26635) [MODULE_TYPELESS_PACKAGE_JSON] Warning: Module type of file:///Users/connor/worktrees/harmonic/404/frontend/diagnose-evidence-charts.test.js is not specified and it doesn't parse as CommonJS.
Reparsing as ES module because module syntax was detected. This incurs a performance overhead.
To eliminate this warning, add "type": "module" to /Users/connor/worktrees/harmonic/404/package.json.
(Use `node --trace-warnings ...` to show where the warning was created)
(node:26635) ExperimentalWarning: localStorage is not available because --localstorage-file was not provided.
✔ the shared glucose range contains the envelope and expands in 20 mg/dL steps (0.8105ms)
✔ Diagnose evidence clients send each feed its declared request coordinates (0.28925ms)
✔ I:C block evidence turns only a stale-generation 409 into a typed stale result (0.126666ms)
✔ the registry declares six stateless chart kinds and their request coordinates (0.11475ms)
✔ every entry produces exactly the coordinates it declares (0.220875ms)
✔ every kind a window publishes more than once names each tile from its own row (3.952291ms)
✔ a parameter row arriving without a span keeps the standing kind name (0.074792ms)
✔ a parameter thumbnail captions itself with the tile name it was given (0.441083ms)
✔ entries build different alignments simultaneously with one optical spine (17.197292ms)
✔ every full-rank evidence axis name is anchored to the axis it labels (1.592417ms)
✔ basal routes every legacy mode to editorial (0.330292ms)
✔ the editorial treatment keeps payload-derived tallies and tolerates an absent estimate (0.403083ms)
✔ the editorial staircase counts the roster from the payload (0.689209ms)
✔ the full-rank basal deck draws no headline, and the plot reclaims its room (0.305917ms)
✔ the editorial ceiling caps an outlier night without hiding its value (0.284042ms)
✔ the editorial tile takes a middle rank from the seat it is handed (0.375291ms)
✔ the middle rank keeps its labels inside a 480px cell (0.282667ms)
✔ the editorial tile honours a roster whose programmed rate moved (0.283084ms)
✔ the editorial tile counts unpaired nights apart from the ties (0.274083ms)
✔ the editorial staircase tolerates an absent estimate at both ranks (0.632208ms)
✔ the editorial furniture draws against every payload shape (0.900917ms)
✔ editorial labels stay inside the plot and clear of each other (held payload) (1.656667ms)
✔ the editorial reading names the crossing, the tally and the exclusions (0.478125ms)
✔ every multi-series evidence form carries an on-chart legend (0.768708ms)
✔ carb-ratio target boundaries stay rails while meal runs stay distinct strands (#255) (0.369291ms)
✔ feed-only forms do not invent unavailable fit or current-setting values (0.425458ms)
✔ surface copy says Carb ratio rather than the engine abbreviation (0.32175ms)
✔ chart options resolve live theme tokens (11.986959ms)
✔ the editorial furniture renders the Dark-only fills and strokes (#304) (0.439ms)
✔ payload counts stay distinct in chart and thumbnail presentation (0.1835ms)
✔ glucose projections expose served values and thumbnails have no axis furniture (59.915209ms)
✔ the event-comparison entry draws the shipped cohort series at the injected range (9.876125ms)
✔ the event-comparison entry carries the dock mini rank through the registry (13.882875ms)
✔ the shipped event-comparison mount derives its axis from rendered cohort glucose (8.238958ms)
✔ a selected occurrence and a withheld cohort keep their own shipped series (7.707667ms)
✔ a selected occurrence trace never changes the field range (12.996292ms)
✔ a selected occurrence trace is contained by the axis it is drawn against (8.065416ms)
✔ current I:C event options render every published meal member (0.301458ms)
✔ glucose chart options fail closed without one injected field range (12.805541ms)
✔ #395 · the Pattern rail preview labels served cohorts and seats the event label inside the plot (2.841083ms)
✔ #395 · an unknown Pattern coordinate is not mounted as a supported chart kind (0.051875ms)
✔ #395 · Pattern evidence joins the shared field and malformed previews fail closed (18.872958ms)
✔ #341 · narrow I:C plots label interior ticks without changing the shared extent (0.735083ms)
(node:26636) [MODULE_TYPELESS_PACKAGE_JSON] Warning: Module type of file:///Users/connor/worktrees/harmonic/404/frontend/diagnose-evidence-row-box.test.js is not specified and it doesn't parse as CommonJS.
Reparsing as ES module because module syntax was detected. This incurs a performance overhead.
To eliminate this warning, add "type": "module" to /Users/connor/worktrees/harmonic/404/package.json.
(Use `node --trace-warnings ...` to show where the warning was created)
✔ the retired level-one staging-entry style stays absent (#39) (1.859542ms)
✔ the case-file roster's numeric cell keeps its compact box (#31) (2.253042ms)
(node:26637) [MODULE_TYPELESS_PACKAGE_JSON] Warning: Module type of file:///Users/connor/worktrees/harmonic/404/frontend/diagnose-findings-queue.test.js is not specified and it doesn't parse as CommonJS.
Reparsing as ES module because module syntax was detected. This incurs a performance overhead.
To eliminate this warning, add "type": "module" to /Users/connor/worktrees/harmonic/404/package.json.
(Use `node --trace-warnings ...` to show where the warning was created)
✔ the root filter has no retired Event charts view or state (0.984167ms)
✔ term 45 · the meta has three forms and no others (0.469917ms)
✔ a past-setting read is absent from the queue, not collapsed into Watching (0.415458ms)
✔ Watching still holds the held and blind reads it always did (0.114125ms)
✔ Watching rows stay in their disclosure while Sift is active (0.059042ms)
✔ all-Watching queue keeps its empty line compact above the disclosure (0.207083ms)
✔ term 45 · singular counts read "1 finding"/"1 day", never "1 findings"/"1 days" (0.461416ms)
✔ term 41 · a scoped EMPTY window says only how much history it looked at (0.0865ms)
✔ #395 · settings, Causes, and Patterns interleave in server order (0.253958ms)
✔ #302 · weights and captions walk the served rows without assigning a priority (0.404416ms)
✔ #341 · every priced row, including rank one, receives the common mini mount slot (0.702333ms)
✔ #341 · rank one keeps its served tier word within the common priced-row structure (0.261916ms)
✔ #363 · every drilling row is painted as a button, inside its own list item (0.344958ms)
✔ term 36 · a row is flavored by the server register, glyph and word together (0.201125ms)
✔ term 35 · a finding keeps EVERY family appearance, never a merged total (0.111334ms)
✔ term 42 · the seam opens once, before the first UNPRICED ranked row (0.102792ms)
✔ term 42 · fixture windows never caption a held or blind row as the tail (0.186583ms)
✔ term 42 · held and blind rows never open the seam — they are their own register (0.105125ms)
✔ the queue consumes the server tier and never reclassifies a row (0.114583ms)
✔ term 14/38 · a held row is words-first and offers no stage affordance (0.075875ms)
✔ term 14 · a blind span carries the analyzer’s own reason, verbatim (0.067167ms)
✔ term 38 · every asserting setting row stages (0.079875ms)
✔ S42 · a sift keeps held and blind reads in Watching (0.085959ms)
✔ ISF actionability requires the exact carried backend verdict (0.253917ms)
✔ term 16 · a merged span prints its OWN support denominator, never an invented average (0.081083ms)
✔ a single asserting item prints the number pair the mock shows (0.102042ms)
✔ an empty window yields no rows at all, so the calm line is what renders (0.075917ms)
✔ term 42 · with nothing priced there is no boundary, so no seam sentence (0.101834ms)
✔ chips sift only on published membership and keep withheld reads reachable (0.114958ms)
✔ a sift computes its priced seam over only visible rows (0.104792ms)
✔ slice 4 · the rank numeral spells visible position among priced ranked rows only (0.18125ms)
✔ slice 4 · the evidence summary is the assert row’s own annotation, revealed (0.073417ms)
✔ #223 · direction-only Correction factor stays asserted after priced rows without an action (0.195167ms)
✔ a null selection is byte-identical to the unsifted queue (0.125208ms)
✔ #83 · malformed coordinates never make a row eligible (0.151042ms)
✔ event-chart eligibility accepts a server-owned lever-and-window coordinate (0.063833ms)
✔ metadata and empty copy describe Sift, the only root filter (0.081084ms)
✔ #63 · the sentence never enters the queue meta, which counts the window (0.082375ms)
✔ #395 · the default replay keeps its claimed Late bolus reachable under every matching sift (17.009041ms)
✔ #395 · Pattern recurrence reads one closed copy table and ignores headline wording (0.100166ms)
✔ #395 · counts under review keeps its drill without a rate or chart host (0.078958ms)
✔ #395 · an unpriced claimed member precedes the tail seam and prints its parent-family count (0.793917ms)
✔ #395 · a member selects the Pattern family even when another appearance comes first (0.053834ms)
✔ #395 · unknown Pattern keys stay title-only and do not break adjacent members or findings (0.123167ms)
✔ #395 · the browser input publishes only its renderable mini hosts in served order (11.157042ms)
✔ #395 · Pattern and Lever drills request event cases; chartless rows retain clock entry (0.128625ms)
✔ #342 · sequence habits reuse the inherited member grammar and count exclusions (39.014958ms)
(node:26638) [MODULE_TYPELESS_PACKAGE_JSON] Warning: Module type of file:///Users/connor/worktrees/harmonic/404/frontend/diagnose-high-causes-have-no-alignment.test.js is not specified and it doesn't parse as CommonJS.
Reparsing as ES module because module syntax was detected. This incurs a performance overhead.
To eliminate this warning, add "type": "module" to /Users/connor/worktrees/harmonic/404/package.json.
(Use `node --trace-warnings ...` to show where the warning was created)
✔ #181 · eligible rows publish their own lever and server window (1.249666ms)
✔ #83 · settings publish null and a High-family Missed meal publishes its coordinate (1.591709ms)
✔ #83 · compatibility without the canonical family publishes null (0.263167ms)
✔ ADR 79 · no title router or browser population join remains (0.597417ms)
✔ ADR 79 · roster controls consume the published cohort count (0.178166ms)
✔ ADR 79 · every visible behavioral row requests its opaque case id (0.598541ms)
✔ ADR 79 · case-file ALIGN follows the active server event coordinate (0.305083ms)
✔ ADR 79 · event alignment never falls back to clock at paint time (0.199583ms)
(node:26640) [MODULE_TYPELESS_PACKAGE_JSON] Warning: Module type of file:///Users/connor/worktrees/harmonic/404/frontend/diagnose-load-failure.test.js is not specified and it doesn't parse as CommonJS.
Reparsing as ES module because module syntax was detected. This incurs a performance overhead.
To eliminate this warning, add "type": "module" to /Users/connor/worktrees/harmonic/404/package.json.
(Use `node --trace-warnings ...` to show where the warning was created)
✔ a rejected token is named as a token problem and routed to Settings (1.054333ms)
✔ a server failure keeps the server's own message as detail under app copy (0.081291ms)
✔ a plain string cause is carried as detail and still offers a route out (0.061209ms)
✔ a cause with no message still names a route out (0.079708ms)
✔ the server's message is never promoted to the heading or the body (0.073417ms)
✔ every failure names a route out, whatever the cause (0.06275ms)
✔ only a 401 claims the Settings route (0.048541ms)
✔ a non-numeric status is not mistaken for a token refusal (0.035666ms)
(node:26642) [MODULE_TYPELESS_PACKAGE_JSON] Warning: Module type of file:///Users/connor/worktrees/harmonic/404/frontend/diagnose-replay-timing.test.js is not specified and it doesn't parse as CommonJS.
Reparsing as ES module because module syntax was detected. This incurs a performance overhead.
To eliminate this warning, add "type": "module" to /Users/connor/worktrees/harmonic/404/package.json.
(Use `node --trace-warnings ...` to show where the warning was created)
✔ S107 carries the observed wrapped window into its pinned-read proof before release (14.814833ms)
✔ S43 compares the spine only after each level animation ends (0.520167ms)
✔ S43 still rejects a real spine difference after animations end (11.711625ms)
✔ drawn preparation windows land on their frozen bounds through the shipped snap path (0.595542ms)
✔ preparation waits accept only the frozen bounds and report mis-drawn requests (0.286833ms)
✔ both preparation waits time out with every window observed by the barrier (12.251042ms)
(node:26643) [MODULE_TYPELESS_PACKAGE_JSON] Warning: Module type of file:///Users/connor/worktrees/harmonic/404/frontend/diagnose-workspaces.test.js is not specified and it doesn't parse as CommonJS.
Reparsing as ES module because module syntax was detected. This incurs a performance overhead.
To eliminate this warning, add "type": "module" to /Users/connor/worktrees/harmonic/404/package.json.
(Use `node --trace-warnings ...` to show where the warning was created)
✔ backend-qualified basal and I:C items alone map into Plan rows (3.238791ms)
✔ a merged basal finding maps every eligible published member into Plan rows (#372) (0.234875ms)
✔ every staged I:C block member carries an identical ic_block_provenance (#581) (0.17325ms)
✔ the stale aggregate basal key cannot stage sibling slots (0.08425ms)
✔ Plan rows resolve back to their backend-owned Diagnose item (0.144875ms)
✔ hhmm pins midnight, wrap, negative, noon, and end boundaries (0.081542ms)
(node:26644) [MODULE_TYPELESS_PACKAGE_JSON] Warning: Module type of file:///Users/connor/worktrees/harmonic/404/frontend/diagnose-workstation-chart.test.js is not specified and it doesn't parse as CommonJS.
Reparsing as ES module because module syntax was detected. This incurs a performance overhead.
To eliminate this warning, add "type": "module" to /Users/connor/worktrees/harmonic/404/package.json.
(Use `node --trace-warnings ...` to show where the warning was created)
✔ #341 · queue previews carry a purpose-built grammar for every evidence family (18.98ms)
✔ #341 · queue preview lines retain missing and withheld positions as real gaps (0.219625ms)
✔ #341 · behavioral preview bands plot served p25/p75 coordinates directly (11.327167ms)
✔ buildSlotLane reads the backend verdict fields (0.821875ms)
✔ a backend-asserted thin basal estimate remains asserted (0.147667ms)
✔ slotAssertsMove requires a sized backend recommendation (0.078ms)
✔ windowStats reads a snapped hand-built envelope window (0.63175ms)
✔ #130 · a zero-extent window answers with an empty sample, never a throw (0.231958ms)
✔ #130 · a window that ends on the day boundary names that instant 24:00 (0.119375ms)
✔ unrolled display windows snap, preserve their anchor, and commit circularly (0.1025ms)
✔ window spans and pointer mapping share the panned display domain (0.093583ms)
✔ wrapped windows pool both stretches for stats and support (0.140959ms)
✔ renderCanvas draws a wrapped window as two areas with one range label (1.073417ms)
✔ #366 · every parked label anchors on the strip's own ceiling, so it lands on the plot (0.580458ms)
✔ a tile landing never changes the already-drawn strip range (0.2455ms)
✔ slice 4 · the outside-the-gates scrim is the exact complement of the window (0.718166ms)
✔ #370 · the target caption drops below the grip band when a drawn gate strikes it (0.291875ms)
✔ renderCanvas pans labels and every data series into dimmed neighbouring days (0.349125ms)
✔ #130 · a full-travel slide keeps its live band on the unrolled axis (0.556875ms)
✔ #130 · the docked readout reads the pooled bin under a panning axis pointer (0.355458ms)
✔ S49/S70 · history event validation accepts one exact id and generation (0.939ms)
✔ S51/S52 · selected member remains one run with every published meal offset (0.165041ms)
✔ history event chart exposes the server population to assistive technology (10.604084ms)
✔ S52 · every meal offset gets a marker even between CGM point minutes (0.968125ms)
✔ S69/S70 · mismatched history pairs are rejected before paint (0.776583ms)
✔ #204 · the legend is retired for an accessible chart name and the band outlines are gone (0.511708ms)
(node:26645) [MODULE_TYPELESS_PACKAGE_JSON] Warning: Module type of file:///Users/connor/worktrees/harmonic/404/frontend/diagnose-workstation-data.test.js is not specified and it doesn't parse as CommonJS.
Reparsing as ES module because module syntax was detected. This incurs a performance overhead.
To eliminate this warning, add "type": "module" to /Users/connor/worktrees/harmonic/404/package.json.
(Use `node --trace-warnings ...` to show where the warning was created)
✔ envelopeFromPooled renames the server bins onto chart arrays (0.644542ms)
✔ toCaptures builds the four mock capture shapes with shared Plan keys (0.194416ms)
✔ day.days leaves an unfetched day empty and requests it once (0.168708ms)
✔ isfVerdict answers direction and stageability separately (0.068834ms)
✔ isfVerdict fails closed for false, missing, and malformed carried verdicts (0.06325ms)
✔ isfVerdict holds a rounded recommendation when the backend verdict is false (0.042458ms)
✔ isfVerdict counts the nights the estimate is clustered on, not detected windows (0.039584ms)
(node:26646) [MODULE_TYPELESS_PACKAGE_JSON] Warning: Module type of file:///Users/connor/worktrees/harmonic/404/frontend/diagnose-workstation.test.js is not specified and it doesn't parse as CommonJS.
Reparsing as ES module because module syntax was detected. This incurs a performance overhead.
To eliminate this warning, add "type": "module" to /Users/connor/worktrees/harmonic/404/package.json.
(Use `node --trace-warnings ...` to show where the warning was created)
✔ queryState reads Diagnose state from the canonical route query (0.463667ms)
✔ #302 · a settled tile refreshes the mounted findings-row mini (0.384666ms)
✔ #302 · the rail mini defines every cohort ink the shared chart reads off it (0.391709ms)
✔ selected detail describes its glucose trace in product language (0.18575ms)
✔ #404 · grouped comparison names its cohort once while case rosters keep their varying tier (0.195041ms)
✔ C44/C56 replay poses enter the existing Findings queue once (0.531209ms)
✔ generated finding story pose preserves a ready id already in its preparation (14.389417ms)
✔ generated missed-meal queue pose does not duplicate a served row (26.320292ms)
✔ #223 · direction-only Correction factor detail leaves evidence ownership with the analyzer (15.147333ms)
✔ basal detail states the served support floor (0.45025ms)
✔ a basal lane repaint keeps the selected slot and its keyboard focus (0.555292ms)
✔ a basal lane repaint respects cleared selection and focus outside the lane (0.0755ms)
✔ a basal lane repaint does not reclaim focus moved to the spotlight during rebuild (0.072875ms)
✔ basal slot detail groups served nights, selects one, and preserves roster mechanics (5.695417ms)
✔ basal slot evidence states distinguish loading and unavailable data (0.126708ms)
✔ the night roster perturbs nothing in the numbers and staging block (0.22625ms)
✔ basal night roster caps and expands its served rows (0.4975ms)
✔ basal night detail prints the served rates and glucose beside the roster mean (0.286542ms)
✔ basal night detail prints every null served rate and mean as an em dash (4.507833ms)
✔ basal night detail names the group the served night was sorted into (1.55375ms)
✔ each basal night row prints the served date, both rates and the in-slot mean (0.56525ms)
✔ basal night roster preserves a null served roster mean as an em dash (0.325084ms)
✔ #356 · a carb-ratio block names the day edge 24:00 and keeps its geometry (0.231625ms)
✔ #395 · fixture Pattern cases retain every requested clock and event coordinate (15.748583ms)
(node:26647) [MODULE_TYPELESS_PACKAGE_JSON] Warning: Module type of file:///Users/connor/worktrees/harmonic/404/frontend/false-low.test.js is not specified and it doesn't parse as CommonJS.
Reparsing as ES module because module syntax was detected. This incurs a performance overhead.
To eliminate this warning, add "type": "module" to /Users/connor/worktrees/harmonic/404/package.json.
(Use `node --trace-warnings ...` to show where the warning was created)
✔ falseLowGhost is inert with no spans (2.011625ms)
✔ falseLowGhost marks in-span readings and builds a dashed ghost + tag (0.273875ms)
✔ buildLanesOption bridges the live glucose curve across a flagged excursion (0.657667ms)
✔ buildHeroOption also greys the excursion (mobile hero, the locked mockup fork) (0.433708ms)
✔ answerLabel names the false-low answer (0.048959ms)
(node:26648) [MODULE_TYPELESS_PACKAGE_JSON] Warning: Module type of file:///Users/connor/worktrees/harmonic/404/frontend/finding-case-file-validation.test.js is not specified and it doesn't parse as CommonJS.
Reparsing as ES module because module syntax was detected. This incurs a performance overhead.
To eliminate this warning, add "type": "module" to /Users/connor/worktrees/harmonic/404/package.json.
(Use `node --trace-warnings ...` to show where the warning was created)
✔ accepts the generator-owned Pattern case file and its additive member tags (3.991875ms)
✔ rejects a Pattern case file with a browser-invented member subject (0.535042ms)
✔ rejects a Pattern case file without its canonical subject (0.532334ms)
✔ accepts a preparation carrying the current v2 findings projection (2.476125ms)
✔ accepts a wrapped chartless Pattern without a case header (0.113125ms)
✔ accepts the generator-owned missed-meal preparation coordinate (0.353333ms)
✔ rejects a preparation whose rendered case header diverges from its header map (0.24475ms)
✔ accepts matching headers independent of JSON object key order (0.07325ms)
✔ rejects a header that has no rendered Finding (0.08125ms)
✔ rejects a rendered coordinate that diverges from the server case header (0.097625ms)
✔ rejects a rendered coordinate whose label diverges from the server case header (0.074458ms)
✔ rejects a malformed server case-header coordinate without throwing TypeError (0.060917ms)
✔ rejects a preparation projected for a different requested window (0.052334ms)
✔ accepts the current valid event case-file cohort partition (0.175167ms)
✔ accepts the policy-owned meal identity for Meal bolus fell short (0.183166ms)
✔ rejects a cross-population identity for Meal bolus fell short (0.12075ms)
✔ rejects an event case without the three exact ADR 180 cohorts (0.09775ms)
✔ rejects a cohort occurrence outside the canonical response roster (0.123542ms)
✔ rejects duplicated cohort membership even when each cohort count still matches (0.118125ms)
✔ rejects a nearly-matched cohort whose member is not nearly matched (0.110333ms)
✔ rejects routed-count and denominator equations that do not reconcile (0.089917ms)
✔ accepts the three-cohort fixed-axis missed-meal comparison (0.146125ms)
✔ accepts structurally valid server-owned support classifications (0.209ms)
✔ rejects drawable aggregates on a zero-sample point in a nonzero cohort (0.1925ms)
✔ rejects support values outside the server contract enum (0.165708ms)
✔ rejects missed-meal aggregate points that exceed their usable cohort (0.089459ms)
✔ rejects a declared zero missed cohort that retains drawable aggregate points (0.11475ms)
✔ accepts the exact generator-authored zero-attribution response (0.137625ms)
✔ rejects a missed-meal comparison with a widened or roster-mismatched axis (0.1755ms)
✔ rejects a missed-meal comparison with a malformed cohort anchor (0.107916ms)
✔ rejects a forged selected announced-meal detail (0.156166ms)
✔ rejects replacing an attributed missed winner with another fired High (0.115083ms)
✔ rejects synchronized fabricated missed-meal identities (0.105167ms)
✔ rejects retired High-peak selected detail for a missed meal (1.09625ms)
✔ rejects missed-meal selected traces outside the fixed comparison window (0.260625ms)
✔ fails closed when selected missed-meal marker families are malformed (0.214083ms)
✔ rejects an event-aligned selection that names no comparison cohort (0.263ms)
✔ rejects an event-aligned selection naming a cohort it was not routed into (0.168334ms)
✔ accepts event-to-clock transition with an unavailable announced selection (0.128458ms)
(node:26649) [MODULE_TYPELESS_PACKAGE_JSON] Warning: Module type of file:///Users/connor/worktrees/harmonic/404/frontend/finding-case-files.fixture.test.js is not specified and it doesn't parse as CommonJS.
Reparsing as ES module because module syntax was detected. This incurs a performance overhead.
To eliminate this warning, add "type": "module" to /Users/connor/worktrees/harmonic/404/package.json.
(Use `node --trace-warnings ...` to show where the warning was created)
✔ ADR 180 fixture keeps three named server-owned comparison cohorts (1.286709ms)
✔ ADR 79 fixture serializes every generated case as one exact population partition (3.59175ms)
✔ ADR 376 fixture names every selected event Occurrence its own cohort (0.23625ms)
✔ ADR 79 fixture pins claimed < fired and near-low aggregate withholding (0.098791ms)
✔ ADR 79 fixture pins rebound clock membership, correction pairs, and High evidence (0.101583ms)
✔ missed-meal fixture pins attributed membership and the unconditioned baseline (0.150167ms)
✔ generated attributed missed meals share one fixed axis across heterogeneous rises (0.075584ms)
(node:26650) [MODULE_TYPELESS_PACKAGE_JSON] Warning: Module type of file:///Users/connor/worktrees/harmonic/404/frontend/findings-projection-mirror.test.js is not specified and it doesn't parse as CommonJS.
Reparsing as ES module because module syntax was detected. This incurs a performance overhead.
To eliminate this warning, add "type": "module" to /Users/connor/worktrees/harmonic/404/package.json.
(Use `node --trace-warnings ...` to show where the warning was created)
✔ the mirror reproduces every frozen window byte for byte (5.752ms)
✔ the mirror reproduces the empty analysis, where term 41 lives (0.286125ms)
✔ the mirror fails closed when a browser gate omits the prepared Pattern roster (2.478041ms)
✔ the mirror reproduces every server-owned history selection disposition (2.483625ms)
✔ the history-event mirror preserves exact run membership and selection (1.561959ms)
✔ the mirror publishes outcome chips, chip counts, and correction-factor scope (0.363542ms)
✔ the mirror transcribes an absent analyzer verdict as the server row null (5.263375ms)
✔ the direction-only correction-factor warning stays visible and unranked (2.19475ms)
✔ the mirror preserves the whole-window unexplained-highs count and its copy (1.343333ms)
✔ an empty scoped queue still carries the whole-window count (0.222291ms)
✔ the mirror publishes no sentence when nothing went unexplained (0.105208ms)
✔ sequence QA cases preserve Python witness, recurrence and habit-only nesting (63.589209ms)
(node:26652) [MODULE_TYPELESS_PACKAGE_JSON] Warning: Module type of file:///Users/connor/worktrees/harmonic/404/frontend/guide.test.js is not specified and it doesn't parse as CommonJS.
Reparsing as ES module because module syntax was detected. This incurs a performance overhead.
To eliminate this warning, add "type": "module" to /Users/connor/worktrees/harmonic/404/package.json.
(Use `node --trace-warnings ...` to show where the warning was created)
✔ guideGroups buckets levers under their exposure, in catalog order (1.214125ms)
✔ guideGroups is empty for a missing catalog (0.14575ms)
✔ guideTierLabel resolves from the payload, falls back to the raw value (0.190208ms)
✔ guideLeverTitles is the value->title map the payload owns (0.146958ms)
✔ guideMd renders bold spans only (0.175083ms)
✔ guideDefFor finds the stage def, falls back muted (0.1025ms)
✔ guideWorkedRows rides the verdict into its stage row and appends the pattern (0.137417ms)
✔ guideRowClass marks first / terminal / last-terminal (0.138458ms)
✔ guideSpark returns geometry with an end dot on the last point (0.303791ms)
✔ guideSpark tolerates a flat series without dividing by zero (0.158666ms)
✔ every harness API path is a route the API declares (1.721ms)
(node:26654) [MODULE_TYPELESS_PACKAGE_JSON] Warning: Module type of file:///Users/connor/worktrees/harmonic/404/frontend/index.test.js is not specified and it doesn't parse as CommonJS.
Reparsing as ES module because module syntax was detected. This incurs a performance overhead.
To eliminate this warning, add "type": "module" to /Users/connor/worktrees/harmonic/404/package.json.
(Use `node --trace-warnings ...` to show where the warning was created)
✔ Dark derives the Diagnose material ladder through the shipped role owners (#255) (1.037875ms)
✔ the vessel cascade composes one Dark 1px/4px grammar (#255) (0.539083ms)
✔ #341 · All charts visibly marks the current chart without changing geometry (0.200792ms)
✔ #341 · All charts announces its actual scroll direction (0.128375ms)
✔ Diagnose mounts the merged workstation surface (#636) (0.737ms)
✔ Glossary overlay has dialog semantics and accessible name (0.311166ms)
✔ Month-expand panel has dialog semantics and accessible name (0.402416ms)
✔ Verify mounts the ported workstation and none of the retired workbench (#660) (0.271417ms)
✔ Guide sidebar intro does not claim the preview unconditionally sits beside the article (0.337792ms)
✔ the page declares its own app icon (0.157334ms)
✔ the cockpit footer keeps the full advisory sentence visible (#535) (0.395667ms)
✔ the cockpit identity wears the locked Harmonic mark (0.866834ms)
(node:26655) [MODULE_TYPELESS_PACKAGE_JSON] Warning: Module type of file:///Users/connor/worktrees/harmonic/404/frontend/kb.test.js is not specified and it doesn't parse as CommonJS.
Reparsing as ES module because module syntax was detected. This incurs a performance overhead.
To eliminate this warning, add "type": "module" to /Users/connor/worktrees/harmonic/404/package.json.
(Use `node --trace-warnings ...` to show where the warning was created)
✔ renderMarkdown: headings, paragraphs, lists, blockquote (1.374958ms)
✔ inlineMd: bold, italic, code (0.151083ms)
✔ inlineMd: in-KB xlink carries data-slug (0.094625ms)
✔ inlineMd: app-surface handoff carries data-app and an arrow (0.145459ms)
✔ escapeHtml / inlineMd escape angle brackets (no raw HTML injection) (0.123875ms)
✔ renderMarkdown: empty / nullish body is empty string (0.088584ms)
✔ buildNavGroups: excludes the Reference category and its glyph-list slugs (0.812208ms)
✔ buildRefArticles: the four generated reference concepts, with icons (0.170375ms)
✔ search filters the sidebar; a body match keys to its own slug only (0.725375ms)
✔ search matches titles too, and is case-insensitive (0.211042ms)
✔ filteredCount is zero for a term in nothing (0.108416ms)
✔ highlightMatch wraps hits in <mark> and escapes the rest (0.158ms)
✔ categoryLabel / surfaceLabel / kicker (0.132375ms)
✔ rankMiniQueue: ranks real levers by cbrt(sev*rec*conf), top 5, carrying flavor (0.170583ms)
✔ rankMiniQueue: empty/nullish catalog is empty (0.078166ms)
✔ pct formats a 0..1 fraction as a percent string (0.071792ms)
✔ silenceByTier: groups by tier in observed->inferred->not_in_data order, drops empties (0.154333ms)
✔ tierLabel maps the enum values to readable labels (0.117292ms)
✔ buildDayPreviewOption: bands + range-colored CGM + bolus marks, over the real day window (0.23525ms)
✔ buildDayPreviewOption: tolerates an empty/absent day (0.051042ms)
✔ every REF_ENTRY and NEXT_STEP slug resolves to a real article (0.059583ms)
(node:26656) [MODULE_TYPELESS_PACKAGE_JSON] Warning: Module type of file:///Users/connor/worktrees/harmonic/404/frontend/model-view-log.test.js is not specified and it doesn't parse as CommonJS.
Reparsing as ES module because module syntax was detected. This incurs a performance overhead.
To eliminate this warning, add "type": "module" to /Users/connor/worktrees/harmonic/404/package.json.
(Use `node --trace-warnings ...` to show where the warning was created)
✔ buildRows flattens all anchors and sorts chronologically (0.765958ms)
✔ rowReason buckets only real near-misses (not no_trigger) (0.094792ms)
✔ rowClassifiers lists every detector a row touched (0.36175ms)
✔ rowTouchesReason catches the near-miss bucket and any carried reason (0.081291ms)
✔ headline prefers the matched verdict, else the sharpest near-miss (0.053541ms)
✔ number formatters kill float artifacts (0.056292ms)
✔ clsName hand-tunes a few classifier ids (0.043917ms)
✔ STATE_ORDER leads with the loud states (0.0315ms)
✔ reason reference names announced-meal ownership without re-deriving it (0.104375ms)
✔ rowForT maps a marker time back to its log row (#217) (0.085125ms)
✔ rowDomId keys a row the same way the v-for :key does (#217) (0.054541ms)
(node:26657) [MODULE_TYPELESS_PACKAGE_JSON] Warning: Module type of file:///Users/connor/worktrees/harmonic/404/frontend/nav-chart.test.js is not specified and it doesn't parse as CommonJS.
Reparsing as ES module because module syntax was detected. This incurs a performance overhead.
To eliminate this warning, add "type": "module" to /Users/connor/worktrees/harmonic/404/package.json.
(Use `node --trace-warnings ...` to show where the warning was created)
✔ navSeverity: lows win the tie even when highs outnumber (0.746416ms)
✔ navDaySummary: no-flag day names TIR once (0.121458ms)
✔ navSeverity: two+ lows label pluralizes (0.076584ms)
✔ navSeverity: high-heavy when no lows and below target (ADR 0031) (0.074292ms)
✔ navSeverity: green at TIR >= 70 with 0 lows (ADR 0031 impl default) (0.080958ms)
✔ navSeverity: neutral in-range when below target with no lows/highs (0.075458ms)
✔ washOpacity: problem days glow brighter than calm days (0.08325ms)
✔ dayCurve: passes through a curve, guards a missing one (0.329958ms)
✔ sparkGeom: builds a path, in-range band, and severity excursion dots (0.17225ms)
✔ weekRibbonGeom: a no-data day breaks the trace into separate subpaths (0.195167ms)
✔ calendar helpers: fmtISO / monthOf / weekOf / monthCells (0.670334ms)
(node:26658) [MODULE_TYPELESS_PACKAGE_JSON] Warning: Module type of file:///Users/connor/worktrees/harmonic/404/frontend/occurrence-roster.test.js is not specified and it doesn't parse as CommonJS.
Reparsing as ES module because module syntax was detected. This incurs a performance overhead.
To eliminate this warning, add "type": "module" to /Users/connor/worktrees/harmonic/404/package.json.
(Use `node --trace-warnings ...` to show where the warning was created)
✔ the roster exposes one selected occurrence and selects by opaque id (1.328ms)
✔ show-more uses served counts and one expansion state across groups (1.561375ms)
✔ each caller keeps its shipped empty-state order (0.173375ms)
(node:26659) [MODULE_TYPELESS_PACKAGE_JSON] Warning: Module type of file:///Users/connor/worktrees/harmonic/404/frontend/plan.test.js is not specified and it doesn't parse as CommonJS.
Reparsing as ES module because module syntax was detected. This incurs a performance overhead.
To eliminate this warning, add "type": "module" to /Users/connor/worktrees/harmonic/404/package.json.
(Use `node --trace-warnings ...` to show where the warning was created)
✔ formatStartMin zero-pads 24h wall clock (0.93725ms)
✔ segmentAt returns the last segment whose start_min <= t (0.089375ms)
✔ plan family helpers identify item and deliverable parameter families (0.056708ms)
✔ assertSinglePlanFamily allows empty, multi-slot basal, ISF fan-out, IC, and target (0.143041ms)
✔ assertSinglePlanFamily rejects mixed families and non-tuning items (0.204625ms)
✔ planFamilyState includes hand-edits when detecting mixed families (0.5195ms)
✔ filterPlanItemsToFamily and normalizePlanItemsToSingleFamily clear off-family picks (0.26575ms)
✔ acceptedChips maps picks to removable provenance chips (0.118417ms)
✔ acceptedChips keys a basal chip on the SLOT so removeChip can delete it (0.068ms)
✔ acceptedChips accepts a Map and sorts by start_min then type (0.101333ms)
✔ buildDeliverable carries current values with provenance "current" when nothing accepted (0.211958ms)
✔ buildDeliverable applies accepted picks as "accepted" where they differ (0.077208ms)
✔ buildDeliverable does NOT auto-adopt the raw model recommendation (#93) (0.061125ms)
✔ buildDeliverable: an accepted pick sets the cell value and provenance (0.146833ms)
✔ buildDeliverable: a target-family pick moves only target_bg (0.1195ms)
✔ buildDeliverable: a hand-edit flips provenance to "edited" and wins (0.206375ms)
✔ buildDeliverable adds a new segment break for a pick mid-segment (0.220416ms)
✔ buildDeliverable returns empty when no active profile segments (0.084791ms)
✔ collapseDeliverable folds adjacent identical rows (0.186875ms)
✔ an accepted basal slot reverts to current at slot-end, not the next segment (0.581708ms)
✔ two non-adjacent basal slots each get their own block and revert (0.217375ms)
✔ two adjacent basal slots fold into one block that reverts after both (0.144542ms)
✔ collapse carries proposal provenance onto a survivor when a keyed-in change folds (#462) (0.059916ms)
✔ deliverableSegmentCount counts distinct collapsed segments for the N/16 badge (0.041083ms)
✔ deliverableHasChanges is false when nothing is staged (all provenance "current") (0.048667ms)
✔ deliverableHasChanges is true when an accepted pick changes a value (0.037542ms)
✔ deliverableHasChanges is true for a hand-edit with zero accepted picks (0.034791ms)
✔ deliverableHasChanges is false for empty rows (0.021292ms)
✔ detectOnPump is false when the pump snapshot still shows the old profile (0.079333ms)
✔ detectOnPump is true once the snapshot matches the deliverable (0.043125ms)
✔ detectOnPump tolerates float noise within 1e-6 (0.033959ms)
✔ detectOnPump is false with empty inputs (0.028ms)
✔ roundToPrecision rounds per pump precision and passes null through (0.035291ms)
✔ reconcile is pending with nothing to compare (0.07875ms)
✔ reconcile confirms an exact match and reports the fetch time (0.057125ms)
✔ reconcile confirms when differences vanish under per-param rounding (0.067708ms)
✔ reconcile flags a mis-key that survives rounding, only for the bad cell (0.070125ms)
✔ reconcile per-param rounding: a basal difference below 0.001 is not a mis-key but above it is (0.051791ms)
✔ reconcile samples the union of boundaries and flags a divergence only the pump introduced (0.056416ms)
✔ reconcile: a redundant same-value break on either side is benign (no diff) (0.032375ms)
✔ reconcile is pending on fresh DB even when deliverable differs from pump (0.043ms)
✔ reconcile confirms an exact first-plan pump match with empty apply history (#462) (0.208291ms)
✔ reconcile confirms the first exact match against the already-refetched pump (#462) (0.121333ms)
✔ reconcile stays pending on a first plan with nothing staged (#393) (0.560167ms)
✔ reconcile confirms a first exact match even when the change folds into an equal neighbor (#462) (0.047375ms)
✔ reconcile flags a real mis-key after a plan has been committed (0.044584ms)
✔ effectivePlanItems records a hand-edit-only plan (no accepted picks) (#462) (0.091292ms)
✔ effectivePlanItems records an edited accepted pick at its post-edit value (#462) (0.039625ms)
✔ effectivePlanItems survives keyed-in-and-refetched (value === current) (#462) (0.037166ms)
✔ effectivePlanItems is empty when nothing is staged (0.023208ms)
✔ effectivePlanItems preserves ic_block_provenance on an untouched, complete group (0.174375ms)
✔ effectivePlanItems strips ic_block_provenance when one member was removed (0.108ms)
✔ effectivePlanItems strips ic_block_provenance when one member was independently edited (0.115625ms)
✔ effectivePlanItems retains ic_block_provenance when the whole group is edited to agree (0.092709ms)
✔ normalizeIcBlockProvenance leaves unannotated items untouched (0.050167ms)
✔ normalizeIcBlockProvenance rejects a stray extra claiming an already-complete group (0.074625ms)
✔ isDeliverableEditRevert: returning a cell to the current profile is a revert (0.093958ms)
✔ isDeliverableEditRevert: a value still away from baseline is NOT a revert (0.046833ms)
✔ isDeliverableEditRevert: returning to an accepted pick is a revert (pick still stands) (0.065667ms)
✔ isDeliverableEditRevert: compared under pump precision (basal below the 0.001 step) (0.049875ms)
✔ a reverted hand-edit leaves an empty first Plan pending, with no history item (#462) (0.073541ms)
✔ buildDeliverable rejects accepted basal plus I:C picks (0.079ms)
✔ buildDeliverable rejects accepted basal plus ISF picks (0.060458ms)
✔ buildDeliverable rejects an off-family hand-edit on an accepted Plan (0.081292ms)
✔ buildDeliverable allows multiple hand-edits in one family (0.05675ms)
✔ only an exact true backend ISF verdict is stageable (#468) (0.110375ms)
✔ the shared capacity text uses the collapsed deliverable count (0.198583ms)
(node:26660) [MODULE_TYPELESS_PACKAGE_JSON] Warning: Module type of file:///Users/connor/worktrees/harmonic/404/frontend/prompt-queue.test.js is not specified and it doesn't parse as CommonJS.
Reparsing as ES module because module syntax was detected. This incurs a performance overhead.
To eliminate this warning, add "type": "module" to /Users/connor/worktrees/harmonic/404/package.json.
(Use `node --trace-warnings ...` to show where the warning was created)
✔ answerToSource maps detector -> CarbEntry source (0.391042ms)
✔ answerLabel covers the three stored answers (0.055208ms)
✔ detectorKicker is per-detector (0.040792ms)
✔ sortOldestFirst orders by anchor_t without mutating input (0.343167ms)
✔ openCount excludes answered anchors (0.070375ms)
✔ windowDays spans the pinned anchors (0.552125ms)
✔ buildRibbonOption drops one typed pin per prompt on a time axis (0.269666ms)
✔ buildRibbonOption fades a resolved pin to a check (0.076375ms)
✔ buildSparklineOption anchors a low at its nadir (0.219083ms)
✔ buildSparklineOption labels a missed-meal rise (0.108917ms)
(node:26661) [MODULE_TYPELESS_PACKAGE_JSON] Warning: Module type of file:///Users/connor/worktrees/harmonic/404/frontend/replay-assertions.test.js is not specified and it doesn't parse as CommonJS.
Reparsing as ES module because module syntax was detected. This incurs a performance overhead.
To eliminate this warning, add "type": "module" to /Users/connor/worktrees/harmonic/404/package.json.
(Use `node --trace-warnings ...` to show where the warning was created)
✔ all original claims must hold in one observation attempt (105.437041ms)
✔ a persistent wrong condition fails with its evidence and original assertion (10.884333ms)
✔ a stuck observation cannot extend the deadline and reports its last value (11.6445ms)
✔ a scoped negative deadline retains evidence and restores the 30-second default (12.896208ms)
✔ concurrent scopes stay separate and an explicit per-call deadline wins (0.242667ms)
(node:26662) [MODULE_TYPELESS_PACKAGE_JSON] Warning: Module type of file:///Users/connor/worktrees/harmonic/404/frontend/rest-window.test.js is not specified and it doesn't parse as CommonJS.
Reparsing as ES module because module syntax was detected. This incurs a performance overhead.
To eliminate this warning, add "type": "module" to /Users/connor/worktrees/harmonic/404/package.json.
(Use `node --trace-warnings ...` to show where the warning was created)
▶ subtractIntervals
  ✔ returns the full window when no exclusions (0.582209ms)
  ✔ returns full window when exclusion is null/undefined (0.05925ms)
  ✔ carves a gap when exclusion sits mid-window (0.050209ms)
  ✔ trims the start when exclusion overlaps the window start (0.0455ms)
  ✔ trims the end when exclusion overlaps the window end (0.045875ms)
  ✔ returns empty when exclusion covers the whole window (0.039833ms)
  ✔ handles multiple exclusions producing multiple slices (0.048083ms)
  ✔ ignores exclusions entirely outside the window (0.051916ms)
✔ subtractIntervals (1.444042ms)
(node:26663) [MODULE_TYPELESS_PACKAGE_JSON] Warning: Module type of file:///Users/connor/worktrees/harmonic/404/frontend/retired-basal-ribbon.test.js is not specified and it doesn't parse as CommonJS.
Reparsing as ES module because module syntax was detected. This incurs a performance overhead.
To eliminate this warning, add "type": "module" to /Users/connor/worktrees/harmonic/404/package.json.
(Use `node --trace-warnings ...` to show where the warning was created)
✔ the unreachable basal ribbon inventory stays retired (#104) (5.448542ms)
✔ the live prompt-queue ribbon retains its explicit alias (#104) (0.414458ms)
(node:26665) [MODULE_TYPELESS_PACKAGE_JSON] Warning: Module type of file:///Users/connor/worktrees/harmonic/404/frontend/scenario-chart.test.js is not specified and it doesn't parse as CommonJS.
Reparsing as ES module because module syntax was detected. This incurs a performance overhead.
To eliminate this warning, add "type": "module" to /Users/connor/worktrees/harmonic/404/package.json.
(Use `node --trace-warnings ...` to show where the warning was created)
✔ scnBuildEpisodeOption returns a well-formed ECharts option (2.75725ms)
✔ Carbs tooltip renders the plotted (negative) value as positive grams (#154) (0.20675ms)
✔ scnBuildEpisodeOption renders an in-range markArea band (70–180, colors.inRange, opacity 0.05) on the glucose lane (#212) (0.223166ms)
✔ scnBuildEpisodeOption is pure: colors dict drives styling, no globals (0.187083ms)
✔ scnGlucoseYRange frames a normal window and keeps the target band (#158) (0.07125ms)
✔ scnGlucoseYRange keeps the whole [70,180] band for a pure-high window (#158) (0.046458ms)
✔ scnGlucoseYRange keeps the whole [70,180] band for a pure-low window (#158) (0.046708ms)
✔ scnGlucoseYRange clamps to the sensor range [40,400] (#158) (0.049ms)
✔ scnGlucoseYRange falls back to [40,220] with zero CGM points (#158) (0.058333ms)
✔ scnBuildEpisodeOption feeds the auto-scaled range into the glucose axis only (#158) (0.150084ms)
✔ scnLookbackBandCoords maps a cited_window to markArea coords, else empty (0.062167ms)
✔ scnBuildEpisodeOption shades the lookback window of the active step only (0.295334ms)
✔ scnPreemptedSummary buckets a mixed count in I:C → ISF → unattributed order (0.186458ms)
✔ scnPreemptedSummary singularizes and omits empty buckets (0.050125ms)
✔ scnPreemptedSummary returns null when there is nothing to show (0.032958ms)
(node:26666) [MODULE_TYPELESS_PACKAGE_JSON] Warning: Module type of file:///Users/connor/worktrees/harmonic/404/frontend/serial-gate.test.js is not specified and it doesn't parse as CommonJS.
Reparsing as ES module because module syntax was detected. This incurs a performance overhead.
To eliminate this warning, add "type": "module" to /Users/connor/worktrees/harmonic/404/package.json.
(Use `node --trace-warnings ...` to show where the warning was created)
▶ makeSerialGate
  ✔ runs enqueued calls serially — max concurrency 1 (44.451542ms)
  ✔ returns results in submission order (0.196416ms)
  ✔ warm cache path — instant-resolving fetches complete without extra delay (0.117708ms)
  ✔ a rejected call does not stall later enqueued calls (0.10075ms)
  ✔ allSettled semantics preserved — one rejection does not abort the batch (0.091666ms)
✔ makeSerialGate (45.510917ms)
(node:26667) [MODULE_TYPELESS_PACKAGE_JSON] Warning: Module type of file:///Users/connor/worktrees/harmonic/404/frontend/settling.test.js is not specified and it doesn't parse as CommonJS.
Reparsing as ES module because module syntax was detected. This incurs a performance overhead.
To eliminate this warning, add "type": "module" to /Users/connor/worktrees/harmonic/404/package.json.
(Use `node --trace-warnings ...` to show where the warning was created)
✔ settlingByParam indexes by parameter and tolerates missing list (0.547292ms)
✔ hard-gate countdown is in the parameter native unit with have/needed (0.091ms)
✔ countdown never goes negative once have reaches needed (0.04725ms)
✔ soft gate (ISF) shows a collecting line with NO fabricated number (0.099792ms)
✔ countdown is empty for a null/absent settling entry (0.046875ms)
(node:26668) [MODULE_TYPELESS_PACKAGE_JSON] Warning: Module type of file:///Users/connor/worktrees/harmonic/404/frontend/tab-routing.test.js is not specified and it doesn't parse as CommonJS.
Reparsing as ES module because module syntax was detected. This incurs a performance overhead.
To eliminate this warning, add "type": "module" to /Users/connor/worktrees/harmonic/404/package.json.
(Use `node --trace-warnings ...` to show where the warning was created)
✔ resolveTab keeps a live page and sends every other id to the default page (0.811125ms)
✔ six page routes round-trip through clean paths (0.329833ms)
✔ the parse reports whether the address named a page, so a bare arrival can be chosen for (0.172208ms)
✔ Diagnose mode round-trips from its page route and from a bare query (0.136041ms)
✔ Day date and Guide article restore from their page route and leave with the page (0.680833ms)
✔ the stable glucose route keeps only its compatibility view state (0.236458ms)
✔ the v2 desk resolves a destination and defaults to Diagnose (0.104833ms)
✔ a direct v2 entry carries no context and a contextual one round-trips all of it (0.292958ms)
✔ the v2 address is written and subscribed through the one routing owner (0.231ms)
✔ readable v2 paths win over legacy query destinations while old links remain supported (0.226083ms)
(node:26669) [MODULE_TYPELESS_PACKAGE_JSON] Warning: Module type of file:///Users/connor/worktrees/harmonic/404/frontend/verify-trial.test.js is not specified and it doesn't parse as CommonJS.
Reparsing as ES module because module syntax was detected. This incurs a performance overhead.
To eliminate this warning, add "type": "module" to /Users/connor/worktrees/harmonic/404/package.json.
(Use `node --trace-warnings ...` to show where the warning was created)
✔ Revert carries only the Plan route the server allowed (0.53175ms)
(node:26670) [MODULE_TYPELESS_PACKAGE_JSON] Warning: Module type of file:///Users/connor/worktrees/harmonic/404/frontend/verify-workstation-data.test.js is not specified and it doesn't parse as CommonJS.
Reparsing as ES module because module syntax was detected. This incurs a performance overhead.
To eliminate this warning, add "type": "module" to /Users/connor/worktrees/harmonic/404/package.json.
(Use `node --trace-warnings ...` to show where the warning was created)
✔ the per-Trial blocks land where the ported surface indexes them (0.382958ms)
✔ only an arc-target Trial gets a meal-anchored entry (0.673084ms)
✔ an unwrapped selected detail is accepted as-is (0.049042ms)
✔ a Trial whose detail failed to load carries no evidence maps (0.04975ms)
✔ the surface opens on the requested state, then the live Trial (0.068958ms)
(node:26671) [MODULE_TYPELESS_PACKAGE_JSON] Warning: Module type of file:///Users/connor/worktrees/harmonic/404/frontend/verify-workstation.test.js is not specified and it doesn't parse as CommonJS.
Reparsing as ES module because module syntax was detected. This incurs a performance overhead.
To eliminate this warning, add "type": "module" to /Users/connor/worktrees/harmonic/404/package.json.
(Use `node --trace-warnings ...` to show where the warning was created)
✔ queryState reads the existing Verify state from the canonical route query (0.32275ms)
(node:26672) [MODULE_TYPELESS_PACKAGE_JSON] Warning: Module type of file:///Users/connor/worktrees/harmonic/404/frontend/watched-change-dock.test.js is not specified and it doesn't parse as CommonJS.
Reparsing as ES module because module syntax was detected. This incurs a performance overhead.
To eliminate this warning, add "type": "module" to /Users/connor/worktrees/harmonic/404/package.json.
(Use `node --trace-warnings ...` to show where the warning was created)
✔ term 47 · exactly four kind labels, byte for byte (0.653541ms)
✔ term 47 · a Trial takes the slot, and takes it from a staged Plan too (0.15175ms)
✔ term 47 · a matured Trial keeps the slot and says it is readable (0.051041ms)
✔ term 47 · the day count clamps to the requirement, matching Verify (0.044542ms)
✔ term 47 · a Focus takes the slot when no Trial does (0.087417ms)
✔ term 47 · with nothing watched, a staged Plan fills the slot (0.045583ms)
✔ term 47 · idle is the fourth state, not an absent one (0.052667ms)
✔ term 47 · the four states are mutually exclusive — one object, never two (0.072416ms)
✔ a whole-profile Trial names itself without inventing a number (0.064292ms)
ℹ tests 903
ℹ suites 2
ℹ pass 903
ℹ fail 0
ℹ cancelled 0
ℹ skipped 0
ℹ todo 0
ℹ duration_ms 1379.889458
